datetime,bias
2011-01-02 00:00:00,-0.06099999999997863
2011-01-03 00:00:00,-0.06399999999999295
2011-01-04 00:00:00,-0.09200000000001296
2011-01-05 00:00:00,-0.04400000000001114
2011-01-06 00:00:00,-0.10799999999997567
2011-01-07 00:00:00,-0.0630000000000166
2011-01-08 00:00:00,-0.09100000000000819
2011-01-09 00:00:00,-0.15899999999999181
2011-01-10 00:00:00,-0.11299999999999955
2011-01-11 00:00:00,-0.13999999999998636
2011-01-12 00:00:00,-0.08400000000000318
2011-01-13 00:00:00,-0.12400000000002365
2011-01-14 00:00:00,-0.08499999999997954
2011-01-15 00:00:00,-0.09299999999998931
2011-01-16 00:00:00,-0.13400000000001455
2011-01-17 00:00:00,-0.05099999999998772
2011-01-18 00:00:00,-0.11299999999999955
2011-01-19 00:00:00,-0.12100000000000932
2011-01-20 00:00:00,-0.10499999999998977
2011-01-21 00:00:00,-0.10599999999999454
2011-01-22 00:00:00,-0.025000000000005684
2011-01-23 00:00:00,-0.18500000000000227
2011-01-24 00:00:00,-0.09699999999997999
2011-01-25 00:00:00,-0.10099999999999909
2011-01-26 00:00:00,-0.14500000000001023
2011-01-27 00:00:00,-0.11299999999999955
2011-01-28 00:00:00,-0.0630000000000166
2011-01-29 00:00:00,-0.17799999999999727
2011-01-30 00:00:00,-0.01099999999999568
2011-01-31 00:00:00,-0.1220000000000141
2011-02-01 00:00:00,-0.12999999999999545
2011-02-02 00:00:00,-0.06700000000000728
2011-02-03 00:00:00,-0.12899999999999068
2011-02-04 00:00:00,-0.12899999999999068
2011-02-05 00:00:00,-0.06100000000000705
2011-02-06 00:00:00,-0.06200000000001182
2011-02-07 00:00:00,-0.10900000000000887
2011-02-08 00:00:00,-0.13500000000001933
2011-02-09 00:00:00,-0.08099999999998886
2011-02-10 00:00:00,-0.13399999999998613
2011-02-11 00:00:00,-0.06100000000000705
2011-02-12 00:00:00,-0.09800000000001319
2011-02-13 00:00:00,-0.0589999999999975
2011-02-14 00:00:00,-0.16500000000002046
2011-02-15 00:00:00,-0.11600000000001387
2011-02-16 00:00:00,-0.1560000000000059
2011-02-17 00:00:00,-0.117999999999995
2011-02-18 00:00:00,-0.0619999999999834
2011-02-19 00:00:00,-0.07099999999999795
2011-02-20 00:00:00,-0.1529999999999916
2011-02-21 00:00:00,-0.10600000000002296
2011-02-22 00:00:00,-0.1910000000000025
2011-02-23 00:00:00,-0.0589999999999975
2011-02-24 00:00:00,-0.117999999999995
2011-02-25 00:00:00,-0.10599999999999454
2011-02-26 00:00:00,-0.04800000000000182
2011-02-27 00:00:00,-0.15699999999998226
2011-02-28 00:00:00,-0.11199999999999477
2011-03-01 00:00:00,-0.13100000000000023
2011-03-02 00:00:00,-0.07800000000000296
2011-03-03 00:00:00,-0.09999999999999432
2011-03-04 00:00:00,-0.13100000000000023
2011-03-05 00:00:00,-0.09699999999997999
2011-03-06 00:00:00,-0.0689999999999884
2011-03-07 00:00:00,-0.19199999999997885
2011-03-08 00:00:00,-0.12399999999999523
2011-03-09 00:00:00,-0.11299999999999955
2011-03-10 00:00:00,-0.1490000000000009
2011-03-11 00:00:00,-0.12100000000000932
2011-03-12 00:00:00,-0.0630000000000166
2011-03-13 00:00:00,-0.08700000000001751
2011-03-14 00:00:00,-0.13100000000000023
2011-03-15 00:00:00,-0.08699999999998909
2011-03-16 00:00:00,-0.132000000000005
2011-03-17 00:00:00,-0.07600000000002183
2011-03-18 00:00:00,-0.09600000000000364
2011-03-19 00:00:00,-0.146000000000015
2011-03-20 00:00:00,-0.09400000000002251
2011-03-21 00:00:00,-0.08799999999999386
2011-03-22 00:00:00,-0.18299999999999272
2011-03-23 00:00:00,-0.10599999999999454
2011-03-24 00:00:00,-0.09899999999998954
2011-03-25 00:00:00,-0.1560000000000059
2011-03-26 00:00:00,-0.036000000000001364
2011-03-27 00:00:00,-0.09600000000000364
2011-03-28 00:00:00,-0.19599999999999795
2011-03-29 00:00:00,0.09999999999999432
2011-03-30 00:00:00,-0.24800000000001887
2011-03-31 00:00:00,-0.117999999999995
2011-04-01 00:00:00,-0.038000000000010914
2011-04-02 00:00:00,-0.24300000000002342
2011-04-03 00:00:00,-0.10999999999998522
2011-04-04 00:00:00,-0.2039999999999793
2011-04-05 00:00:00,0.018000000000000682
2011-04-06 00:00:00,-0.05699999999998795
2011-04-07 00:00:00,-0.10200000000000387
2011-04-08 00:00:00,-0.13900000000001
2011-04-09 00:00:00,-0.10699999999999932
2011-04-10 00:00:00,-0.11199999999999477
2011-04-11 00:00:00,-0.11299999999999955
2011-04-12 00:00:00,-0.1150000000000091
2011-04-13 00:00:00,-0.11099999999999
2011-04-14 00:00:00,-0.12399999999999523
2011-04-15 00:00:00,-0.11899999999999977
2011-04-16 00:00:00,-0.05299999999999727
2011-04-17 00:00:00,-0.11100000000001842
2011-04-18 00:00:00,-0.07900000000000773
2011-04-19 00:00:00,-0.09199999999998454
2011-04-20 00:00:00,-0.10300000000000864
2011-04-21 00:00:00,-0.10099999999999909
2011-04-22 00:00:00,-0.13100000000000023
2011-04-23 00:00:00,-0.10800000000000409
2011-04-24 00:00:00,-0.10999999999998522
2011-04-25 00:00:00,-0.09699999999997999
2011-04-26 00:00:00,-0.11199999999999477
2011-04-27 00:00:00,-0.13800000000000523
2011-04-28 00:00:00,-0.11200000000002319
2011-04-29 00:00:00,-0.12100000000000932
2011-04-30 00:00:00,-0.11199999999999477
2011-05-01 00:00:00,-0.07499999999998863
2011-05-02 00:00:00,-0.10800000000000409
2011-05-03 00:00:00,-0.08600000000001273
2011-05-04 00:00:00,-0.13000000000002387
2011-05-05 00:00:00,-0.08299999999999841
2011-05-06 00:00:00,-0.15500000000000114
2011-05-07 00:00:00,-0.07800000000000296
2011-05-08 00:00:00,-0.11000000000001364
2011-05-09 00:00:00,-0.10999999999998522
2011-05-10 00:00:00,-0.14300000000000068
2011-05-11 00:00:00,-0.09800000000001319
2011-05-12 00:00:00,-0.103999999999985
2011-05-13 00:00:00,-0.12100000000000932
2011-05-14 00:00:00,-0.09999999999999432
2011-05-15 00:00:00,-0.12000000000000455
2011-05-16 00:00:00,-0.12800000000001432
2011-05-17 00:00:00,-0.12999999999999545
2011-05-18 00:00:00,-0.1419999999999959
2011-05-19 00:00:00,-0.132000000000005
2011-05-20 00:00:00,-0.040000000000020464
2011-05-21 00:00:00,-0.10300000000000864
2011-05-22 00:00:00,-0.09800000000001319
2011-05-23 00:00:00,-0.09700000000000841
2011-05-24 00:00:00,-0.10800000000000409
2011-05-25 00:00:00,-0.12000000000000455
2011-05-26 00:00:00,-0.1150000000000091
2011-05-27 00:00:00,-0.14599999999998658
2011-05-28 00:00:00,-0.11599999999998545
2011-05-29 00:00:00,-0.1360000000000241
2011-05-30 00:00:00,-0.11800000000002342
2011-05-31 00:00:00,-0.054000000000002046
2011-06-01 00:00:00,-0.07399999999998386
2011-06-02 00:00:00,-0.10699999999999932
2011-06-03 00:00:00,-0.0730000000000075
2011-06-04 00:00:00,-0.08099999999998886
2011-06-05 00:00:00,-0.10099999999999909
2011-06-06 00:00:00,-0.1279999999999859
2011-06-07 00:00:00,-0.057999999999992724
2011-06-08 00:00:00,-0.12100000000000932
2011-06-09 00:00:00,-0.11600000000001387
2011-06-10 00:00:00,-0.22100000000000364
2011-06-11 00:00:00,-0.16800000000000637
2011-06-12 00:00:00,-0.10900000000000887
2011-06-13 00:00:00,-0.11699999999999022
2011-06-14 00:00:00,-0.14100000000001955
2011-06-15 00:00:00,-0.11899999999999977
2011-06-16 00:00:00,-0.16599999999999682
2011-06-17 00:00:00,-0.1559999999999775
2011-06-18 00:00:00,-0.12699999999998113
2011-06-19 00:00:00,-0.09499999999999886
2011-06-20 00:00:00,-0.10300000000000864
2011-06-21 00:00:00,-0.10900000000000887
2011-06-22 00:00:00,-0.09299999999998931
2011-06-23 00:00:00,-0.10599999999999454
2011-06-24 00:00:00,-0.14799999999999613
2011-06-25 00:00:00,-0.10599999999999454
2011-06-26 00:00:00,-0.17000000000001592
2011-06-27 00:00:00,-0.11899999999999977
2011-06-28 00:00:00,-0.11899999999999977
2011-06-29 00:00:00,-0.06100000000000705
2011-06-30 00:00:00,-0.1290000000000191
2011-07-01 00:00:00,-0.08700000000001751
2011-07-02 00:00:00,-0.08799999999999386
2011-07-03 00:00:00,-0.11800000000002342
2011-07-04 00:00:00,-0.06099999999997863
2011-07-05 00:00:00,-0.09900000000001796
2011-07-06 00:00:00,-0.11199999999999477
2011-07-07 00:00:00,-0.132000000000005
2011-07-08 00:00:00,-0.132000000000005
2011-07-09 00:00:00,-0.10699999999999932
2011-07-10 00:00:00,-0.11200000000002319
2011-07-11 00:00:00,-0.1290000000000191
2011-07-12 00:00:00,-0.08599999999998431
2011-07-13 00:00:00,-0.10599999999999454
2011-07-14 00:00:00,-0.09799999999998477
2011-07-15 00:00:00,-0.12299999999999045
2011-07-16 00:00:00,-0.11899999999999977
2011-07-17 00:00:00,-0.09099999999997976
2011-07-18 00:00:00,-0.10899999999998045
2011-07-19 00:00:00,-0.09100000000000819
2011-07-20 00:00:00,-0.1670000000000016
2011-07-21 00:00:00,-0.07899999999997931
2011-07-22 00:00:00,-0.11599999999998545
2011-07-23 00:00:00,-0.12300000000001887
2011-07-24 00:00:00,-0.11200000000002319
2011-07-25 00:00:00,-0.10699999999999932
2011-07-26 00:00:00,-0.103999999999985
2011-07-27 00:00:00,-0.11100000000001842
2011-07-28 00:00:00,-0.07800000000000296
2011-07-29 00:00:00,-0.12700000000000955
2011-07-30 00:00:00,-0.10200000000000387
2011-07-31 00:00:00,-0.1290000000000191
2011-08-01 00:00:00,-0.09999999999999432
2011-08-02 00:00:00,-0.10499999999998977
2011-08-03 00:00:00,-0.15200000000001523
2011-08-04 00:00:00,-0.08799999999999386
2011-08-05 00:00:00,-0.132000000000005
2011-08-06 00:00:00,-0.08299999999999841
2011-08-07 00:00:00,-0.15300000000002
2011-08-08 00:00:00,-0.0800000000000125
2011-08-09 00:00:00,-0.11600000000001387
2011-08-10 00:00:00,-0.12000000000000455
2011-08-11 00:00:00,-0.11299999999999955
2011-08-12 00:00:00,-0.08800000000002228
2011-08-13 00:00:00,-0.10800000000000409
2011-08-14 00:00:00,-0.13100000000000023
2011-08-15 00:00:00,-0.10300000000000864
2011-08-16 00:00:00,-0.09499999999999886
2011-08-17 00:00:00,-0.09499999999999886
2011-08-18 00:00:00,-0.17200000000002547
2011-08-19 00:00:00,-0.12999999999999545
2011-08-20 00:00:00,-0.08199999999999363
2011-08-21 00:00:00,-0.1419999999999959
2011-08-22 00:00:00,-0.10699999999999932
2011-08-23 00:00:00,-0.10099999999999909
2011-08-24 00:00:00,-0.16100000000000136
2011-08-25 00:00:00,-0.10200000000000387
2011-08-26 00:00:00,-0.11099999999999
2011-08-27 00:00:00,-0.15100000000001046
2011-08-28 00:00:00,-0.08099999999998886
2011-08-29 00:00:00,-0.14000000000001478
2011-08-30 00:00:00,-0.1349999999999909
2011-08-31 00:00:00,-0.11400000000000432
2011-09-01 00:00:00,-0.14400000000000546
2011-09-02 00:00:00,-0.11899999999999977
2011-09-03 00:00:00,-0.07800000000000296
2011-09-04 00:00:00,-0.125
2011-09-05 00:00:00,-0.20900000000000318
2011-09-06 00:00:00,-0.19999999999998863
2011-09-07 00:00:00,-0.15200000000001523
2011-09-08 00:00:00,-0.040000000000020464
2011-09-09 00:00:00,-0.06500000000002615
2011-09-10 00:00:00,-0.09499999999999886
2011-09-11 00:00:00,-0.17500000000001137
2011-09-12 00:00:00,-0.0759999999999934
2011-09-13 00:00:00,-0.09199999999998454
2011-09-14 00:00:00,-0.1279999999999859
2011-09-15 00:00:00,-0.18599999999997863
2011-09-16 00:00:00,-0.08700000000001751
2011-09-17 00:00:00,-0.08199999999999363
2011-09-18 00:00:00,-0.13399999999998613
2011-09-19 00:00:00,-0.09399999999999409
2011-09-20 00:00:00,-0.08700000000001751
2011-09-21 00:00:00,-0.07299999999997908
2011-09-22 00:00:00,-0.12000000000000455
2011-09-23 00:00:00,-0.11400000000000432
2011-09-24 00:00:00,-0.17099999999999227
2011-09-25 00:00:00,-0.12999999999999545
2011-09-26 00:00:00,-0.23200000000002774
2011-09-27 00:00:00,-0.15000000000000568
2011-09-28 00:00:00,-0.12399999999999523
2011-09-29 00:00:00,-0.12100000000000932
2011-09-30 00:00:00,-0.15400000000002478
2011-10-01 00:00:00,-0.12999999999999545
2011-10-02 00:00:00,-0.08800000000002228
2011-10-03 00:00:00,-0.06700000000000728
2011-10-04 00:00:00,-0.08700000000001751
2011-10-05 00:00:00,-0.1150000000000091
2011-10-06 00:00:00,-0.20700000000002206
2011-10-07 00:00:00,-0.10499999999998977
2011-10-08 00:00:00,-0.09199999999998454
2011-10-09 00:00:00,-0.10400000000001342
2011-10-10 00:00:00,-0.10900000000000887
2011-10-11 00:00:00,-0.18200000000001637
2011-10-12 00:00:00,-0.13100000000000023
2011-10-13 00:00:00,-0.09000000000000341
2011-10-14 00:00:00,-0.10400000000001342
2011-10-15 00:00:00,-0.09499999999999886
2011-10-16 00:00:00,-0.1220000000000141
2011-10-17 00:00:00,-0.1640000000000157
2011-10-18 00:00:00,-0.117999999999995
2011-10-19 00:00:00,-0.10699999999999932
2011-10-20 00:00:00,-0.11299999999999955
2011-10-21 00:00:00,-0.06699999999997885
2011-10-22 00:00:00,-0.15799999999998704
2011-10-23 00:00:00,-0.11400000000000432
2011-10-24 00:00:00,-0.09900000000001796
2011-10-25 00:00:00,-0.08600000000001273
2011-10-26 00:00:00,-0.12300000000001887
2011-10-27 00:00:00,-0.1279999999999859
2011-10-28 00:00:00,-0.07800000000000296
2011-10-29 00:00:00,-0.09000000000000341
2011-10-30 00:00:00,-0.18600000000000705
2011-10-31 00:00:00,-0.18299999999999272
2011-11-01 00:00:00,-0.1699999999999875
2011-11-02 00:00:00,-0.15900000000002024
2011-11-03 00:00:00,-0.14699999999999136
2011-11-04 00:00:00,-0.14500000000001023
2011-11-05 00:00:00,-0.13700000000000045
2011-11-06 00:00:00,-0.11299999999999955
2011-11-07 00:00:00,-0.19299999999998363
2011-11-08 00:00:00,-0.11899999999999977
2011-11-09 00:00:00,-0.08299999999999841
2011-11-10 00:00:00,-0.12600000000000477
2011-11-11 00:00:00,-0.11099999999999
2011-11-12 00:00:00,-0.09700000000000841
2011-11-13 00:00:00,-0.11199999999999477
2011-11-14 00:00:00,-0.09499999999999886
2011-11-15 00:00:00,-0.14400000000000546
2011-11-16 00:00:00,-0.12700000000000955
2011-11-17 00:00:00,-0.12899999999999068
2011-11-18 00:00:00,-0.07800000000000296
2011-11-19 00:00:00,-0.10300000000000864
2011-11-20 00:00:00,-0.10699999999999932
2011-11-21 00:00:00,-0.17799999999999727
2011-11-22 00:00:00,-0.16800000000000637
2011-11-23 00:00:00,-0.1290000000000191
2011-11-24 00:00:00,-0.11200000000002319
2011-11-25 00:00:00,-0.11099999999999
2011-11-26 00:00:00,-0.03699999999997772
2011-11-27 00:00:00,-0.09000000000000341
2011-11-28 00:00:00,-0.07400000000001228
2011-11-29 00:00:00,-0.15500000000000114
2011-11-30 00:00:00,-0.1150000000000091
2011-12-01 00:00:00,-0.10900000000000887
2011-12-02 00:00:00,-0.17099999999999227
2011-12-03 00:00:00,-0.12399999999999523
2011-12-04 00:00:00,-0.12199999999998568
2011-12-05 00:00:00,-0.05699999999998795
2011-12-06 00:00:00,-0.11200000000002319
2011-12-07 00:00:00,-0.11600000000001387
2011-12-08 00:00:00,-0.08100000000001728
2011-12-09 00:00:00,-0.09600000000000364
2011-12-10 00:00:00,-0.10099999999999909
2011-12-11 00:00:00,-0.11599999999998545
2011-12-12 00:00:00,-0.12000000000000455
2011-12-13 00:00:00,-0.057999999999992724
2011-12-14 00:00:00,-0.09100000000000819
2011-12-15 00:00:00,-0.12999999999999545
2011-12-16 00:00:00,-0.0660000000000025
2011-12-17 00:00:00,-0.0759999999999934
2011-12-18 00:00:00,-0.1419999999999959
2011-12-19 00:00:00,-0.10899999999998045
2011-12-20 00:00:00,-0.15399999999999636
2011-12-21 00:00:00,-0.09999999999999432
2011-12-22 00:00:00,-0.08299999999999841
2011-12-23 00:00:00,-0.10699999999999932
2011-12-24 00:00:00,-0.11199999999999477
2011-12-25 00:00:00,-0.11099999999999
2011-12-26 00:00:00,-0.15800000000001546
2011-12-27 00:00:00,-0.08499999999997954
2011-12-28 00:00:00,-0.10699999999999932
2011-12-29 00:00:00,-0.117999999999995
2011-12-30 00:00:00,-0.10800000000000409
2011-12-31 00:00:00,-0.11299999999999955
2012-01-01 00:00:00,-0.11400000000000432
2012-01-02 00:00:00,-0.060000000000002274
2012-01-03 00:00:00,-0.1150000000000091
2012-01-04 00:00:00,-0.10099999999999909
2012-01-05 00:00:00,-0.14100000000001955
2012-01-06 00:00:00,-0.07999999999998408
2012-01-07 00:00:00,-0.10499999999998977
2012-01-08 00:00:00,-0.0689999999999884
2012-01-09 00:00:00,-0.10800000000000409
2012-01-10 00:00:00,-0.09600000000000364
2012-01-11 00:00:00,-0.10400000000001342
2012-01-12 00:00:00,-0.10200000000000387
2012-01-13 00:00:00,-0.14300000000000068
2012-01-14 00:00:00,-0.10000000000002274
2012-01-15 00:00:00,-0.09600000000000364
2012-01-16 00:00:00,-0.10800000000000409
2012-01-17 00:00:00,-0.13700000000000045
2012-01-18 00:00:00,-0.11099999999999
2012-01-19 00:00:00,-0.10999999999998522
2012-01-20 00:00:00,-0.12300000000001887
2012-01-21 00:00:00,-0.09700000000000841
2012-01-22 00:00:00,-0.05900000000002592
2012-01-23 00:00:00,-0.07400000000001228
2012-01-24 00:00:00,-0.10400000000001342
2012-01-25 00:00:00,-0.08400000000000318
2012-01-26 00:00:00,-0.16800000000000637
2012-01-27 00:00:00,-0.12599999999997635
2012-01-28 00:00:00,-0.10300000000000864
2012-01-29 00:00:00,-0.10099999999999909
2012-01-30 00:00:00,-0.1419999999999959
2012-01-31 00:00:00,-0.10500000000001819
2012-02-01 00:00:00,-0.13399999999998613
2012-02-02 00:00:00,-0.045000000000015916
2012-02-03 00:00:00,-0.11400000000000432
2012-02-04 00:00:00,-0.15300000000002
2012-02-05 00:00:00,-0.12400000000002365
2012-02-06 00:00:00,-0.07400000000001228
2012-02-07 00:00:00,-0.11600000000001387
2012-02-08 00:00:00,-0.1279999999999859
2012-02-09 00:00:00,-0.001999999999981128
2012-02-10 00:00:00,-0.0519999999999925
2012-02-11 00:00:00,-0.10300000000000864
2012-02-12 00:00:00,-0.09099999999997976
2012-02-13 00:00:00,-0.10300000000000864
2012-02-14 00:00:00,-0.10699999999999932
2012-02-15 00:00:00,-0.09199999999998454
2012-02-16 00:00:00,-0.1419999999999959
2012-02-17 00:00:00,-0.09700000000000841
2012-02-18 00:00:00,-0.1419999999999959
2012-02-19 00:00:00,-0.12299999999999045
2012-02-20 00:00:00,-0.04800000000000182
2012-02-21 00:00:00,-0.15699999999998226
2012-02-22 00:00:00,-0.06699999999997885
2012-02-23 00:00:00,-0.1490000000000009
2012-02-24 00:00:00,-0.1150000000000091
2012-02-25 00:00:00,-0.043000000000006366
2012-02-26 00:00:00,-0.19400000000001683
2012-02-27 00:00:00,-0.01500000000001478
2012-02-28 00:00:00,-0.08500000000000796
2012-02-29 00:00:00,-0.20100000000002183
2012-03-01 00:00:00,-0.103999999999985
2012-03-02 00:00:00,-0.03999999999999204
2012-03-03 00:00:00,-0.20300000000000296
2012-03-04 00:00:00,-0.09800000000001319
2012-03-05 00:00:00,-0.10599999999999454
2012-03-06 00:00:00,-0.10300000000000864
2012-03-07 00:00:00,-0.12199999999998568
2012-03-08 00:00:00,-0.10800000000000409
2012-03-09 00:00:00,-0.12399999999999523
2012-03-10 00:00:00,-0.11299999999999955
2012-03-11 00:00:00,-0.15899999999999181
2012-03-12 00:00:00,-0.11099999999999
2012-03-13 00:00:00,-0.08100000000001728
2012-03-14 00:00:00,-0.14299999999997226
2012-03-15 00:00:00,-0.12699999999998113
2012-03-16 00:00:00,0.05299999999999727
2012-03-17 00:00:00,-0.11499999999998067
2012-03-18 00:00:00,-0.09000000000000341
2012-03-19 00:00:00,-0.07699999999999818
2012-03-20 00:00:00,-0.3060000000000116
2012-03-21 00:00:00,-0.09100000000000819
2012-03-22 00:00:00,-0.22400000000001796
2012-03-23 00:00:00,-0.16399999999998727
2012-03-24 00:00:00,-0.10699999999999932
2012-03-25 00:00:00,-0.0700000000000216
2012-03-26 00:00:00,-0.19300000000001205
2012-03-27 00:00:00,-0.12000000000000455
2012-03-28 00:00:00,-0.14500000000001023
2012-03-29 00:00:00,-0.036000000000001364
2012-03-30 00:00:00,-0.27000000000001023
2012-03-31 00:00:00,-0.051000000000016144
2012-04-01 00:00:00,-0.09700000000000841
2012-04-02 00:00:00,-0.07499999999998863
2012-04-03 00:00:00,-0.33199999999999363
2012-04-04 00:00:00,-0.21199999999998909
2012-04-05 00:00:00,-0.09300000000001774
2012-04-06 00:00:00,-0.030000000000001137
2012-04-07 00:00:00,-0.18299999999999272
2012-04-08 00:00:00,-0.09000000000000341
2012-04-09 00:00:00,-0.132000000000005
2012-04-10 00:00:00,-0.1209999999999809
2012-04-11 00:00:00,-0.15100000000001046
2012-04-12 00:00:00,-0.11400000000000432
2012-04-13 00:00:00,-0.12600000000000477
2012-04-14 00:00:00,-0.13900000000001
2012-04-15 00:00:00,-0.11600000000001387
2012-04-16 00:00:00,-0.11000000000001364
2012-04-17 00:00:00,-0.117999999999995
2012-04-18 00:00:00,-0.10699999999999932
2012-04-19 00:00:00,-0.09800000000001319
2012-04-20 00:00:00,-0.11200000000002319
2012-04-21 00:00:00,-0.132000000000005
2012-04-22 00:00:00,-0.103999999999985
2012-04-23 00:00:00,-0.125
2012-04-24 00:00:00,-0.11000000000001364
2012-04-25 00:00:00,-0.11599999999998545
2012-04-26 00:00:00,-0.17300000000000182
2012-04-27 00:00:00,-0.12000000000000455
2012-04-28 00:00:00,-0.12400000000002365
2012-04-29 00:00:00,-0.15300000000002
2012-04-30 00:00:00,-0.14300000000000068
2012-05-01 00:00:00,-0.0759999999999934
2012-05-02 00:00:00,-0.10699999999999932
2012-05-03 00:00:00,-0.11299999999999955
2012-05-04 00:00:00,-0.11100000000001842
2012-05-05 00:00:00,-0.07900000000000773
2012-05-06 00:00:00,-0.11299999999999955
2012-05-07 00:00:00,-0.09100000000000819
2012-05-08 00:00:00,-0.11199999999999477
2012-05-09 00:00:00,-0.06399999999999295
2012-05-10 00:00:00,-0.11100000000001842
2012-05-11 00:00:00,-0.09600000000000364
2012-05-12 00:00:00,-0.1150000000000091
2012-05-13 00:00:00,-0.10900000000000887
2012-05-14 00:00:00,-0.09300000000001774
2012-05-15 00:00:00,-0.09199999999998454
2012-05-16 00:00:00,-0.11199999999999477
2012-05-17 00:00:00,-0.09199999999998454
2012-05-18 00:00:00,-0.12100000000000932
2012-05-19 00:00:00,-0.11899999999999977
2012-05-20 00:00:00,-0.11200000000002319
2012-05-21 00:00:00,-0.1150000000000091
2012-05-22 00:00:00,-0.08899999999999864
2012-05-23 00:00:00,-0.10900000000000887
2012-05-24 00:00:00,-0.10999999999998522
2012-05-25 00:00:00,-0.14300000000000068
2012-05-26 00:00:00,-0.08899999999999864
2012-05-27 00:00:00,-0.11200000000002319
2012-05-28 00:00:00,-0.117999999999995
2012-05-29 00:00:00,-0.07400000000001228
2012-05-30 00:00:00,-0.10400000000001342
2012-05-31 00:00:00,-0.11199999999999477
2012-06-01 00:00:00,-0.11800000000002342
2012-06-02 00:00:00,-0.07699999999999818
2012-06-03 00:00:00,-0.125
2012-06-04 00:00:00,-0.11099999999999
2012-06-05 00:00:00,-0.08500000000000796
2012-06-06 00:00:00,-0.09800000000001319
2012-06-07 00:00:00,-0.11299999999999955
2012-06-08 00:00:00,-0.125
2012-06-09 00:00:00,-0.09399999999999409
2012-06-10 00:00:00,-0.10200000000000387
2012-06-11 00:00:00,-0.10900000000000887
2012-06-12 00:00:00,-0.10400000000001342
2012-06-13 00:00:00,-0.10599999999999454
2012-06-14 00:00:00,-0.10599999999999454
2012-06-15 00:00:00,-0.14500000000001023
2012-06-16 00:00:00,-0.12100000000000932
2012-06-17 00:00:00,-0.11800000000002342
2012-06-18 00:00:00,-0.08299999999999841
2012-06-19 00:00:00,-0.13700000000000045
2012-06-20 00:00:00,-0.11700000000001864
2012-06-21 00:00:00,-0.11100000000001842
2012-06-22 00:00:00,-0.10899999999998045
2012-06-23 00:00:00,-0.11299999999999955
2012-06-24 00:00:00,-0.12899999999999068
2012-06-25 00:00:00,-0.11700000000001864
2012-06-26 00:00:00,-0.0660000000000025
2012-06-27 00:00:00,-0.1349999999999909
2012-06-28 00:00:00,-0.07999999999998408
2012-06-29 00:00:00,-0.13399999999998613
2012-06-30 00:00:00,-0.11400000000000432
2012-07-01 00:00:00,-0.08500000000000796
2012-07-02 00:00:00,-0.12100000000000932
2012-07-03 00:00:00,-0.10900000000000887
2012-07-04 00:00:00,-0.10500000000001819
2012-07-05 00:00:00,-0.13100000000000023
2012-07-06 00:00:00,-0.08500000000000796
2012-07-07 00:00:00,-0.14100000000001955
2012-07-08 00:00:00,-0.10800000000000409
2012-07-09 00:00:00,-0.11400000000000432
2012-07-10 00:00:00,-0.09800000000001319
2012-07-11 00:00:00,-0.125
2012-07-12 00:00:00,-0.09399999999999409
2012-07-13 00:00:00,-0.11400000000000432
2012-07-14 00:00:00,-0.11899999999999977
2012-07-15 00:00:00,-0.09800000000001319
2012-07-16 00:00:00,-0.10699999999999932
2012-07-17 00:00:00,-0.12399999999999523
2012-07-18 00:00:00,-0.11299999999999955
2012-07-19 00:00:00,-0.10699999999999932
2012-07-20 00:00:00,-0.10200000000000387
2012-07-21 00:00:00,-0.10999999999998522
2012-07-22 00:00:00,-0.11400000000000432
2012-07-23 00:00:00,-0.125
2012-07-24 00:00:00,-0.1150000000000091
2012-07-25 00:00:00,-0.09499999999999886
2012-07-26 00:00:00,-0.10999999999998522
2012-07-27 00:00:00,-0.13800000000000523
2012-07-28 00:00:00,-0.12000000000000455
2012-07-29 00:00:00,-0.08500000000000796
2012-07-30 00:00:00,-0.12999999999999545
2012-07-31 00:00:00,-0.09800000000001319
2012-08-01 00:00:00,-0.15000000000000568
2012-08-02 00:00:00,-0.08799999999999386
2012-08-03 00:00:00,-0.13800000000000523
2012-08-04 00:00:00,-0.132000000000005
2012-08-05 00:00:00,-0.10900000000000887
2012-08-06 00:00:00,-0.10699999999999932
2012-08-07 00:00:00,-0.1290000000000191
2012-08-08 00:00:00,-0.08299999999999841
2012-08-09 00:00:00,-0.13100000000000023
2012-08-10 00:00:00,-0.11899999999999977
2012-08-11 00:00:00,-0.11299999999999955
2012-08-12 00:00:00,-0.10999999999998522
2012-08-13 00:00:00,-0.11199999999999477
2012-08-14 00:00:00,-0.14500000000001023
2012-08-15 00:00:00,-0.07200000000000273
2012-08-16 00:00:00,-0.12600000000000477
2012-08-17 00:00:00,-0.11100000000001842
2012-08-18 00:00:00,-0.10900000000000887
2012-08-19 00:00:00,-0.10400000000001342
2012-08-20 00:00:00,-0.13100000000000023
2012-08-21 00:00:00,-0.08500000000000796
2012-08-22 00:00:00,-0.10999999999998522
2012-08-23 00:00:00,-0.11199999999999477
2012-08-24 00:00:00,-0.10699999999999932
2012-08-25 00:00:00,-0.09400000000002251
2012-08-26 00:00:00,-0.13100000000000023
2012-08-27 00:00:00,-0.07200000000000273
2012-08-28 00:00:00,-0.132000000000005
2012-08-29 00:00:00,-0.11899999999999977
2012-08-30 00:00:00,-0.10599999999999454
2012-08-31 00:00:00,-0.09499999999999886
2012-09-01 00:00:00,-0.10900000000000887
2012-09-02 00:00:00,-0.13399999999998613
2012-09-03 00:00:00,-0.10900000000000887
2012-09-04 00:00:00,-0.125
2012-09-05 00:00:00,-0.24200000000001864
2012-09-06 00:00:00,-0.15500000000000114
2012-09-07 00:00:00,-0.1279999999999859
2012-09-08 00:00:00,0.022999999999996135
2012-09-09 00:00:00,-0.0010000000000047748
2012-09-10 00:00:00,-0.06299999999998818
2012-09-11 00:00:00,-0.0770000000000266
2012-09-12 00:00:00,-0.15399999999999636
2012-09-13 00:00:00,-0.08299999999999841
2012-09-14 00:00:00,-0.0660000000000025
2012-09-15 00:00:00,-0.1710000000000207
2012-09-16 00:00:00,-0.11499999999998067
2012-09-17 00:00:00,-0.12399999999999523
2012-09-18 00:00:00,-0.16300000000001091
2012-09-19 00:00:00,-0.1150000000000091
2012-09-20 00:00:00,-0.07200000000000273
2012-09-21 00:00:00,-0.09600000000000364
2012-09-22 00:00:00,-0.10099999999999909
2012-09-23 00:00:00,-0.11700000000001864
2012-09-24 00:00:00,-0.14599999999998658
2012-09-25 00:00:00,-0.11199999999999477
2012-09-26 00:00:00,-0.117999999999995
2012-09-27 00:00:00,-0.12600000000000477
2012-09-28 00:00:00,-0.05299999999999727
2012-09-29 00:00:00,-0.0800000000000125
2012-09-30 00:00:00,-0.19900000000001228
2012-10-01 00:00:00,-0.19999999999998863
2012-10-02 00:00:00,-0.13800000000000523
2012-10-03 00:00:00,-0.09499999999999886
2012-10-04 00:00:00,-0.08699999999998909
2012-10-05 00:00:00,-0.10499999999998977
2012-10-06 00:00:00,-0.17099999999999227
2012-10-07 00:00:00,-0.14799999999999613
2012-10-08 00:00:00,-0.125
2012-10-09 00:00:00,-0.132000000000005
2012-10-10 00:00:00,-0.10800000000000409
2012-10-11 00:00:00,-0.10999999999998522
2012-10-12 00:00:00,-0.10699999999999932
2012-10-13 00:00:00,-0.09000000000000341
2012-10-14 00:00:00,-0.11000000000001364
2012-10-15 00:00:00,-0.0700000000000216
2012-10-16 00:00:00,-0.11699999999999022
2012-10-17 00:00:00,-0.11599999999998545
2012-10-18 00:00:00,-0.10300000000000864
2012-10-19 00:00:00,-0.04400000000001114
2012-10-20 00:00:00,-0.125
2012-10-21 00:00:00,-0.11299999999999955
2012-10-22 00:00:00,-0.09300000000001774
2012-10-23 00:00:00,-0.09400000000002251
2012-10-24 00:00:00,-0.11800000000002342
2012-10-25 00:00:00,-0.14400000000000546
2012-10-26 00:00:00,-0.0800000000000125
2012-10-27 00:00:00,-0.12100000000000932
2012-10-28 00:00:00,-0.11499999999998067
2012-10-29 00:00:00,-0.09800000000001319
2012-10-30 00:00:00,-0.09499999999999886
2012-10-31 00:00:00,-0.10700000000002774
2012-11-01 00:00:00,-0.10499999999998977
2012-11-02 00:00:00,-0.03100000000000591
2012-11-03 00:00:00,-0.13599999999999568
2012-11-04 00:00:00,-0.10200000000000387
2012-11-05 00:00:00,-0.0730000000000075
2012-11-06 00:00:00,-0.07500000000001705
2012-11-07 00:00:00,-0.08400000000000318
2012-11-08 00:00:00,-0.10500000000001819
2012-11-09 00:00:00,-0.1799999999999784
2012-11-10 00:00:00,-0.036000000000001364
2012-11-11 00:00:00,-0.117999999999995
2012-11-12 00:00:00,-0.1139999999999759
2012-11-13 00:00:00,-0.009000000000014552
2012-11-14 00:00:00,-0.09600000000000364
2012-11-15 00:00:00,-0.1209999999999809
2012-11-16 00:00:00,-0.11400000000000432
2012-11-17 00:00:00,-0.10500000000001819
2012-11-18 00:00:00,-0.07800000000000296
2012-11-19 00:00:00,-0.07099999999999795
2012-11-20 00:00:00,-0.09100000000000819
2012-11-21 00:00:00,-0.17199999999999704
2012-11-22 00:00:00,-0.11699999999999022
2012-11-23 00:00:00,-0.125
2012-11-24 00:00:00,-0.12400000000002365
2012-11-25 00:00:00,-0.09300000000001774
2012-11-26 00:00:00,-0.07800000000000296
2012-11-27 00:00:00,-0.14800000000002456
2012-11-28 00:00:00,-0.08299999999999841
2012-11-29 00:00:00,-0.125
2012-11-30 00:00:00,-0.10500000000001819
2012-12-01 00:00:00,-0.10900000000000887
2012-12-02 00:00:00,-0.16399999999998727
2012-12-03 00:00:00,-0.10099999999999909
2012-12-04 00:00:00,-0.10499999999998977
2012-12-05 00:00:00,-0.10699999999999932
2012-12-06 00:00:00,-0.17500000000001137
2012-12-07 00:00:00,-0.10800000000000409
2012-12-08 00:00:00,-0.11099999999999
2012-12-09 00:00:00,-0.10900000000000887
2012-12-10 00:00:00,-0.125
2012-12-11 00:00:00,-0.04399999999998272
2012-12-12 00:00:00,-0.11200000000002319
2012-12-13 00:00:00,-0.1449999999999818
2012-12-14 00:00:00,-0.11700000000001864
2012-12-15 00:00:00,-0.09799999999998477
2012-12-16 00:00:00,-0.10800000000000409
2012-12-17 00:00:00,-0.16200000000000614
2012-12-18 00:00:00,-0.05000000000001137
2012-12-19 00:00:00,-0.1209999999999809
2012-12-20 00:00:00,-0.10400000000001342
2012-12-21 00:00:00,-0.1599999999999966
2012-12-22 00:00:00,-0.11299999999999955
2012-12-23 00:00:00,-0.14400000000000546
2012-12-24 00:00:00,-0.11100000000001842
2012-12-25 00:00:00,-0.117999999999995
2012-12-26 00:00:00,-0.15000000000000568
2012-12-27 00:00:00,-0.07100000000002638
2012-12-28 00:00:00,-0.09100000000000819
2012-12-29 00:00:00,-0.10299999999998022
2012-12-30 00:00:00,-0.08600000000001273
2012-12-31 00:00:00,-0.10699999999999932
2013-01-01 00:00:00,-0.17799999999999727
2013-01-02 00:00:00,-0.07499999999998863
2013-01-03 00:00:00,-0.09700000000000841
2013-01-04 00:00:00,-0.14799999999999613
2013-01-05 00:00:00,-0.04600000000002069
2013-01-06 00:00:00,-0.12000000000000455
2013-01-07 00:00:00,-0.10799999999997567
2013-01-08 00:00:00,-0.09900000000001796
2013-01-09 00:00:00,-0.08400000000000318
2013-01-10 00:00:00,-0.14799999999999613
2013-01-11 00:00:00,-0.10199999999997544
2013-01-12 00:00:00,-0.0519999999999925
2013-01-13 00:00:00,-0.16800000000000637
2013-01-14 00:00:00,-0.14699999999999136
2013-01-15 00:00:00,-0.0589999999999975
2013-01-16 00:00:00,-0.13300000000000978
2013-01-17 00:00:00,-0.12000000000000455
2013-01-18 00:00:00,-0.024999999999977263
2013-01-19 00:00:00,-0.03099999999997749
2013-01-20 00:00:00,-0.07699999999999818
2013-01-21 00:00:00,-0.09399999999999409
2013-01-22 00:00:00,-0.11000000000001364
2013-01-23 00:00:00,-0.14400000000000546
2013-01-24 00:00:00,-0.10900000000000887
2013-01-25 00:00:00,-0.12999999999999545
2013-01-26 00:00:00,-0.08799999999999386
2013-01-27 00:00:00,-0.11400000000000432
2013-01-28 00:00:00,-0.14799999999999613
2013-01-29 00:00:00,-0.14500000000001023
2013-01-30 00:00:00,-0.11700000000001864
2013-01-31 00:00:00,-0.1279999999999859
2013-02-01 00:00:00,-0.08299999999999841
2013-02-02 00:00:00,-0.13100000000000023
2013-02-03 00:00:00,-0.11199999999999477
2013-02-04 00:00:00,-0.049000000000006594
2013-02-05 00:00:00,-0.12800000000001432
2013-02-06 00:00:00,-0.10400000000001342
2013-02-07 00:00:00,-0.0589999999999975
2013-02-08 00:00:00,-0.13000000000002387
2013-02-09 00:00:00,-0.1139999999999759
2013-02-10 00:00:00,0.0010000000000047748
2013-02-11 00:00:00,-0.1150000000000091
2013-02-12 00:00:00,-0.14500000000001023
2013-02-13 00:00:00,-0.10200000000000387
2013-02-14 00:00:00,-0.07299999999997908
2013-02-15 00:00:00,-0.10899999999998045
2013-02-16 00:00:00,-0.15000000000000568
2013-02-17 00:00:00,-0.06900000000001683
2013-02-18 00:00:00,-0.11299999999999955
2013-02-19 00:00:00,-0.1419999999999959
2013-02-20 00:00:00,-0.10400000000001342
2013-02-21 00:00:00,-0.001999999999981128
2013-02-22 00:00:00,-0.10300000000000864
2013-02-23 00:00:00,-0.0700000000000216
2013-02-24 00:00:00,-0.11100000000001842
2013-02-25 00:00:00,-0.15000000000000568
2013-02-26 00:00:00,-0.125
2013-02-27 00:00:00,-0.06499999999999773
2013-02-28 00:00:00,-0.13199999999997658
2013-03-01 00:00:00,-0.10200000000000387
2013-03-02 00:00:00,-0.07299999999997908
2013-03-03 00:00:00,-0.12100000000000932
2013-03-04 00:00:00,-0.14799999999999613
2013-03-05 00:00:00,-0.06800000000001205
2013-03-06 00:00:00,-0.12199999999998568
2013-03-07 00:00:00,-0.07499999999998863
2013-03-08 00:00:00,-0.09900000000001796
2013-03-09 00:00:00,-0.1419999999999959
2013-03-10 00:00:00,-0.11800000000002342
2013-03-11 00:00:00,-0.12700000000000955
2013-03-12 00:00:00,0.007000000000005002
2013-03-13 00:00:00,-0.09800000000001319
2013-03-14 00:00:00,-0.09200000000001296
2013-03-15 00:00:00,-0.11599999999998545
2013-03-16 00:00:00,-0.09299999999998931
2013-03-17 00:00:00,-0.09700000000000841
2013-03-18 00:00:00,-0.11000000000001364
2013-03-19 00:00:00,-0.08899999999999864
2013-03-20 00:00:00,-0.1529999999999916
2013-03-21 00:00:00,0.08099999999998886
2013-03-22 00:00:00,-0.13700000000000045
2013-03-23 00:00:00,-0.10500000000001819
2013-03-24 00:00:00,-0.045000000000015916
2013-03-25 00:00:00,-0.06200000000001182
2013-03-26 00:00:00,-0.10499999999998977
2013-03-27 00:00:00,-0.13999999999998636
2013-03-28 00:00:00,-0.02199999999999136
2013-03-29 00:00:00,-0.15399999999999636
2013-03-30 00:00:00,-0.0020000000000095497
2013-03-31 00:00:00,-0.11199999999999477
2013-04-01 00:00:00,-0.125
2013-04-02 00:00:00,-0.031999999999982265
2013-04-03 00:00:00,-0.03999999999999204
2013-04-04 00:00:00,-0.07800000000000296
2013-04-05 00:00:00,-0.04399999999998272
2013-04-06 00:00:00,-0.08500000000000796
2013-04-07 00:00:00,-0.10099999999999909
2013-04-08 00:00:00,-0.10800000000000409
2013-04-09 00:00:00,-0.06799999999998363
2013-04-10 00:00:00,-0.10699999999999932
2013-04-11 00:00:00,-0.11000000000001364
2013-04-12 00:00:00,-0.10099999999999909
2013-04-13 00:00:00,-0.12399999999999523
2013-04-14 00:00:00,-0.09000000000000341
2013-04-15 00:00:00,-0.09600000000000364
2013-04-16 00:00:00,-0.13100000000000023
2013-04-17 00:00:00,-0.09899999999998954
2013-04-18 00:00:00,-0.09699999999997999
2013-04-19 00:00:00,-0.11600000000001387
2013-04-20 00:00:00,-0.12100000000000932
2013-04-21 00:00:00,-0.11299999999999955
2013-04-22 00:00:00,-0.08099999999998886
2013-04-23 00:00:00,-0.11299999999999955
2013-04-24 00:00:00,-0.06200000000001182
2013-04-25 00:00:00,-0.08200000000002206
2013-04-26 00:00:00,-0.10099999999999909
2013-04-27 00:00:00,-0.11099999999999
2013-04-28 00:00:00,-0.10200000000000387
2013-04-29 00:00:00,-0.05099999999998772
2013-04-30 00:00:00,-0.132000000000005
2013-05-01 00:00:00,-0.07299999999997908
2013-05-02 00:00:00,-0.1379999999999768
2013-05-03 00:00:00,-0.10099999999999909
2013-05-04 00:00:00,-0.09700000000000841
2013-05-05 00:00:00,-0.10500000000001819
2013-05-06 00:00:00,-0.15000000000000568
2013-05-07 00:00:00,-0.10499999999998977
2013-05-08 00:00:00,-0.10200000000000387
2013-05-09 00:00:00,-0.14400000000000546
2013-05-10 00:00:00,-0.11299999999999955
2013-05-11 00:00:00,-0.09999999999999432
2013-05-12 00:00:00,-0.16200000000000614
2013-05-13 00:00:00,-0.12100000000000932
2013-05-14 00:00:00,-0.11400000000000432
2013-05-15 00:00:00,-0.11699999999999022
2013-05-16 00:00:00,-0.117999999999995
2013-05-17 00:00:00,-0.1150000000000091
2013-05-18 00:00:00,-0.07800000000000296
2013-05-19 00:00:00,-0.09700000000000841
2013-05-20 00:00:00,-0.08199999999999363
2013-05-21 00:00:00,-0.11700000000001864
2013-05-22 00:00:00,-0.09199999999998454
2013-05-23 00:00:00,-0.11099999999999
2013-05-24 00:00:00,-0.17700000000002092
2013-05-25 00:00:00,-0.1519999999999868
2013-05-26 00:00:00,-0.11600000000001387
2013-05-27 00:00:00,-0.1290000000000191
2013-05-28 00:00:00,-0.12700000000000955
2013-05-29 00:00:00,-0.10300000000000864
2013-05-30 00:00:00,-0.1220000000000141
2013-05-31 00:00:00,-0.11899999999999977
2013-06-01 00:00:00,-0.07200000000000273
2013-06-02 00:00:00,-0.07699999999999818
2013-06-03 00:00:00,-0.10699999999999932
2013-06-04 00:00:00,-0.08799999999999386
2013-06-05 00:00:00,-0.13700000000000045
2013-06-06 00:00:00,-0.08500000000000796
2013-06-07 00:00:00,-0.10099999999999909
2013-06-08 00:00:00,-0.09999999999999432
2013-06-09 00:00:00,-0.1419999999999959
2013-06-10 00:00:00,-0.11200000000002319
2013-06-11 00:00:00,-0.12199999999998568
2013-06-12 00:00:00,-0.07800000000000296
2013-06-13 00:00:00,-0.11099999999999
2013-06-14 00:00:00,-0.11200000000002319
2013-06-15 00:00:00,-0.11099999999999
2013-06-16 00:00:00,-0.10999999999998522
2013-06-17 00:00:00,-0.11300000000002797
2013-06-18 00:00:00,-0.08099999999998886
2013-06-19 00:00:00,-0.12800000000001432
2013-06-20 00:00:00,-0.125
2013-06-21 00:00:00,-0.10000000000002274
2013-06-22 00:00:00,-0.10699999999999932
2013-06-23 00:00:00,-0.12700000000000955
2013-06-24 00:00:00,-0.11599999999998545
2013-06-25 00:00:00,-0.11300000000002797
2013-06-26 00:00:00,-0.09399999999999409
2013-06-27 00:00:00,-0.125
2013-06-28 00:00:00,-0.10699999999999932
2013-06-29 00:00:00,-0.11499999999998067
2013-06-30 00:00:00,-0.09600000000000364
2013-07-01 00:00:00,-0.10599999999999454
2013-07-02 00:00:00,-0.10200000000000387
2013-07-03 00:00:00,-0.11800000000002342
2013-07-04 00:00:00,-0.09300000000001774
2013-07-05 00:00:00,-0.14099999999999113
2013-07-06 00:00:00,-0.08899999999999864
2013-07-07 00:00:00,-0.117999999999995
2013-07-08 00:00:00,-0.11100000000001842
2013-07-09 00:00:00,-0.11600000000001387
2013-07-10 00:00:00,-0.09200000000001296
2013-07-11 00:00:00,-0.12600000000000477
2013-07-12 00:00:00,-0.09100000000000819
2013-07-13 00:00:00,-0.11099999999999
2013-07-14 00:00:00,-0.13299999999998136
2013-07-15 00:00:00,-0.09399999999999409
2013-07-16 00:00:00,-0.10499999999998977
2013-07-17 00:00:00,-0.0619999999999834
2013-07-18 00:00:00,-0.16500000000002046
2013-07-19 00:00:00,-0.10800000000000409
2013-07-20 00:00:00,-0.125
2013-07-21 00:00:00,-0.09600000000000364
2013-07-22 00:00:00,-0.1150000000000091
2013-07-23 00:00:00,-0.08299999999999841
2013-07-24 00:00:00,-0.09699999999997999
2013-07-25 00:00:00,-0.11400000000000432
2013-07-26 00:00:00,-0.12600000000000477
2013-07-27 00:00:00,-0.07299999999997908
2013-07-28 00:00:00,-0.12000000000000455
2013-07-29 00:00:00,-0.06799999999998363
2013-07-30 00:00:00,-0.10699999999999932
2013-07-31 00:00:00,-0.15399999999999636
2013-08-01 00:00:00,-0.10300000000000864
2013-08-02 00:00:00,-0.09199999999998454
2013-08-03 00:00:00,-0.14099999999999113
2013-08-04 00:00:00,-0.09800000000001319
2013-08-05 00:00:00,-0.11400000000000432
2013-08-06 00:00:00,-0.11899999999999977
2013-08-07 00:00:00,-0.08199999999999363
2013-08-08 00:00:00,-0.12399999999999523
2013-08-09 00:00:00,-0.09000000000000341
2013-08-10 00:00:00,-0.10099999999999909
2013-08-11 00:00:00,-0.1290000000000191
2013-08-12 00:00:00,-0.0800000000000125
2013-08-13 00:00:00,-0.10699999999999932
2013-08-14 00:00:00,-0.09000000000000341
2013-08-15 00:00:00,-0.13300000000000978
2013-08-16 00:00:00,-0.06999999999999318
2013-08-17 00:00:00,-0.08199999999999363
2013-08-18 00:00:00,-0.11699999999999022
2013-08-19 00:00:00,-0.11100000000001842
2013-08-20 00:00:00,-0.11299999999999955
2013-08-21 00:00:00,-0.08199999999999363
2013-08-22 00:00:00,-0.08700000000001751
2013-08-23 00:00:00,-0.12700000000000955
2013-08-24 00:00:00,-0.07699999999999818
2013-08-25 00:00:00,-0.10900000000000887
2013-08-26 00:00:00,-0.13500000000001933
2013-08-27 00:00:00,-0.08899999999999864
2013-08-28 00:00:00,-0.09800000000001319
2013-08-29 00:00:00,-0.1349999999999909
2013-08-30 00:00:00,-0.06499999999999773
2013-08-31 00:00:00,-0.07099999999999795
2013-09-01 00:00:00,-0.10599999999999454
2013-09-02 00:00:00,-0.09999999999999432
2013-09-03 00:00:00,-0.10899999999998045
2013-09-04 00:00:00,-0.13400000000001455
2013-09-05 00:00:00,-0.19799999999997908
2013-09-06 00:00:00,-0.18700000000001182
2013-09-07 00:00:00,-0.11000000000001364
2013-09-08 00:00:00,-0.10800000000000409
2013-09-09 00:00:00,-0.13299999999998136
2013-09-10 00:00:00,-0.058000000000021146
2013-09-11 00:00:00,-0.10800000000000409
2013-09-12 00:00:00,-0.10699999999999932
2013-09-13 00:00:00,-0.10599999999999454
2013-09-14 00:00:00,-0.12199999999998568
2013-09-15 00:00:00,-0.1150000000000091
2013-09-16 00:00:00,-0.08600000000001273
2013-09-17 00:00:00,-0.08400000000000318
2013-09-18 00:00:00,-0.1349999999999909
2013-09-19 00:00:00,-0.13800000000000523
2013-09-20 00:00:00,-0.10500000000001819
2013-09-21 00:00:00,-0.08799999999999386
2013-09-22 00:00:00,-0.10499999999998977
2013-09-23 00:00:00,-0.0660000000000025
2013-09-24 00:00:00,-0.09499999999999886
2013-09-25 00:00:00,-0.16300000000001091
2013-09-26 00:00:00,-0.14400000000000546
2013-09-27 00:00:00,-0.13800000000000523
2013-09-28 00:00:00,-0.06900000000001683
2013-09-29 00:00:00,-0.103999999999985
2013-09-30 00:00:00,-0.10699999999999932
2013-10-01 00:00:00,-0.14400000000000546
2013-10-02 00:00:00,-0.1150000000000091
2013-10-03 00:00:00,-0.09999999999999432
2013-10-04 00:00:00,-0.13800000000000523
2013-10-05 00:00:00,-0.12399999999999523
2013-10-06 00:00:00,-0.02800000000002001
2013-10-07 00:00:00,-0.1419999999999959
2013-10-08 00:00:00,-0.1360000000000241
2013-10-09 00:00:00,-0.1150000000000091
2013-10-10 00:00:00,-0.11299999999999955
2013-10-11 00:00:00,-0.10099999999999909
2013-10-12 00:00:00,-0.10400000000001342
2013-10-13 00:00:00,-0.10699999999999932
2013-10-14 00:00:00,-0.10899999999998045
2013-10-15 00:00:00,-0.10999999999998522
2013-10-16 00:00:00,-0.11099999999999
2013-10-17 00:00:00,-0.117999999999995
2013-10-18 00:00:00,-0.09300000000001774
2013-10-19 00:00:00,-0.11299999999999955
2013-10-20 00:00:00,-0.0689999999999884
2013-10-21 00:00:00,-0.19599999999999795
2013-10-22 00:00:00,-0.11100000000001842
2013-10-23 00:00:00,-0.09899999999998954
2013-10-24 00:00:00,-0.12000000000000455
2013-10-25 00:00:00,-0.07200000000000273
2013-10-26 00:00:00,-0.11699999999999022
2013-10-27 00:00:00,-0.11000000000001364
2013-10-28 00:00:00,-0.08500000000000796
2013-10-29 00:00:00,-0.103999999999985
2013-10-30 00:00:00,-0.10600000000002296
2013-10-31 00:00:00,-0.08400000000000318
2013-11-01 00:00:00,-0.11099999999999
2013-11-02 00:00:00,-0.10099999999999909
2013-11-03 00:00:00,-0.07899999999997931
2013-11-04 00:00:00,-0.14300000000000068
2013-11-05 00:00:00,-0.1279999999999859
2013-11-06 00:00:00,-0.10699999999999932
2013-11-07 00:00:00,-0.11299999999999955
2013-11-08 00:00:00,-0.12300000000001887
2013-11-09 00:00:00,-0.10599999999999454
2013-11-10 00:00:00,-0.09300000000001774
2013-11-11 00:00:00,-0.12000000000000455
2013-11-12 00:00:00,-0.08500000000000796
2013-11-13 00:00:00,-0.1150000000000091
2013-11-14 00:00:00,-0.11199999999999477
2013-11-15 00:00:00,-0.10900000000000887
2013-11-16 00:00:00,-0.10099999999999909
2013-11-17 00:00:00,-0.0660000000000025
2013-11-18 00:00:00,-0.09299999999998931
2013-11-19 00:00:00,-0.13900000000001
2013-11-20 00:00:00,-0.1209999999999809
2013-11-21 00:00:00,-0.1290000000000191
2013-11-22 00:00:00,-0.033999999999991815
2013-11-23 00:00:00,-0.06800000000001205
2013-11-24 00:00:00,-0.08500000000000796
2013-11-25 00:00:00,-0.09699999999997999
2013-11-26 00:00:00,-0.09499999999999886
2013-11-27 00:00:00,-0.08700000000001751
2013-11-28 00:00:00,-0.1640000000000157
2013-11-29 00:00:00,-0.160000000000025
2013-11-30 00:00:00,-0.14400000000000546
2013-12-01 00:00:00,-0.12399999999999523
2013-12-02 00:00:00,-0.07699999999999818
2013-12-03 00:00:00,-0.12199999999998568
2013-12-04 00:00:00,-0.11199999999999477
2013-12-05 00:00:00,-0.11400000000000432
2013-12-06 00:00:00,-0.1560000000000059
2013-12-07 00:00:00,-0.06099999999997863
2013-12-08 00:00:00,-0.07099999999999795
2013-12-09 00:00:00,-0.10599999999999454
2013-12-10 00:00:00,-0.09399999999999409
2013-12-11 00:00:00,-0.06800000000001205
2013-12-12 00:00:00,-0.11899999999999977
2013-12-13 00:00:00,-0.11099999999999
2013-12-14 00:00:00,-0.10200000000000387
2013-12-15 00:00:00,-0.08500000000000796
2013-12-16 00:00:00,-0.10200000000000387
2013-12-17 00:00:00,-0.12100000000000932
2013-12-18 00:00:00,-0.10999999999998522
2013-12-19 00:00:00,-0.117999999999995
2013-12-20 00:00:00,-0.13100000000000023
2013-12-21 00:00:00,-0.07399999999998386
2013-12-22 00:00:00,-0.07900000000000773
2013-12-23 00:00:00,-0.10800000000000409
2013-12-24 00:00:00,-0.11899999999999977
2013-12-25 00:00:00,-0.06999999999999318
2013-12-26 00:00:00,-0.11299999999999955
2013-12-27 00:00:00,-0.07999999999998408
2013-12-28 00:00:00,-0.10499999999998977
2013-12-29 00:00:00,-0.14299999999997226
2013-12-30 00:00:00,-0.11400000000000432
2013-12-31 00:00:00,-0.06500000000002615
2014-01-01 00:00:00,-0.09699999999997999
2014-01-02 00:00:00,-0.10400000000001342
2014-01-03 00:00:00,-0.05299999999999727
2014-01-04 00:00:00,-0.11400000000000432
2014-01-05 00:00:00,-0.1150000000000091
2014-01-06 00:00:00,-0.08699999999998909
2014-01-07 00:00:00,-0.10400000000001342
2014-01-08 00:00:00,-0.10699999999999932
2014-01-09 00:00:00,-0.10400000000001342
2014-01-10 00:00:00,-0.09300000000001774
2014-01-11 00:00:00,-0.10599999999999454
2014-01-12 00:00:00,-0.12700000000000955
2014-01-13 00:00:00,-0.10800000000000409
2014-01-14 00:00:00,-0.13999999999998636
2014-01-15 00:00:00,-0.060000000000002274
2014-01-16 00:00:00,-0.09499999999999886
2014-01-17 00:00:00,-0.10000000000002274
2014-01-18 00:00:00,-0.14000000000001478
2014-01-19 00:00:00,-0.09700000000000841
2014-01-20 00:00:00,-0.11700000000001864
2014-01-21 00:00:00,-0.10800000000000409
2014-01-22 00:00:00,-0.07399999999998386
2014-01-23 00:00:00,-0.09600000000000364
2014-01-24 00:00:00,-0.10599999999999454
2014-01-25 00:00:00,-0.11400000000000432
2014-01-26 00:00:00,-0.07699999999999818
2014-01-27 00:00:00,-0.09300000000001774
2014-01-28 00:00:00,-0.10699999999999932
2014-01-29 00:00:00,-0.10000000000002274
2014-01-30 00:00:00,-0.04200000000000159
2014-01-31 00:00:00,-0.06599999999997408
2014-02-01 00:00:00,-0.12899999999999068
2014-02-02 00:00:00,-0.10999999999998522
2014-02-03 00:00:00,-0.044999999999987494
2014-02-04 00:00:00,-0.12999999999999545
2014-02-05 00:00:00,-0.09199999999998454
2014-02-06 00:00:00,-0.09999999999999432
2014-02-07 00:00:00,-0.01500000000001478
2014-02-08 00:00:00,-0.13700000000000045
2014-02-09 00:00:00,-0.11199999999999477
2014-02-10 00:00:00,-0.09899999999998954
2014-02-11 00:00:00,-0.1560000000000059
2014-02-12 00:00:00,-0.10400000000001342
2014-02-13 00:00:00,-0.12700000000000955
2014-02-14 00:00:00,-0.10299999999998022
2014-02-15 00:00:00,-0.09699999999997999
2014-02-16 00:00:00,-0.15100000000001046
2014-02-17 00:00:00,-0.12600000000000477
2014-02-18 00:00:00,-0.09399999999999409
2014-02-19 00:00:00,-0.15899999999999181
2014-02-20 00:00:00,-0.08700000000001751
2014-02-21 00:00:00,-0.13700000000000045
2014-02-22 00:00:00,-0.09299999999998931
2014-02-23 00:00:00,-0.117999999999995
2014-02-24 00:00:00,-0.10400000000001342
2014-02-25 00:00:00,-0.12399999999999523
2014-02-26 00:00:00,-0.09999999999999432
2014-02-27 00:00:00,-0.09000000000000341
2014-02-28 00:00:00,-0.09699999999997999
2014-03-01 00:00:00,-0.16499999999999204
2014-03-02 00:00:00,-0.12299999999999045
2014-03-03 00:00:00,-0.08099999999998886
2014-03-04 00:00:00,-0.09600000000000364
2014-03-05 00:00:00,-0.08400000000000318
2014-03-06 00:00:00,-0.03899999999998727
2014-03-07 00:00:00,-0.16800000000000637
2014-03-08 00:00:00,-0.1279999999999859
2014-03-09 00:00:00,-0.11699999999999022
2014-03-10 00:00:00,-0.11000000000001364
2014-03-11 00:00:00,-0.02199999999999136
2014-03-12 00:00:00,-0.10300000000000864
2014-03-13 00:00:00,-0.10900000000000887
2014-03-14 00:00:00,-0.13300000000000978
2014-03-15 00:00:00,0.027999999999991587
2014-03-16 00:00:00,-0.16399999999998727
2014-03-17 00:00:00,-0.06999999999999318
2014-03-18 00:00:00,0.0049999999999954525
2014-03-19 00:00:00,-0.20300000000000296
2014-03-20 00:00:00,-0.07999999999998408
2014-03-21 00:00:00,-0.2470000000000141
2014-03-22 00:00:00,-0.23600000000001842
2014-03-23 00:00:00,-0.14200000000002433
2014-03-24 00:00:00,-0.09800000000001319
2014-03-25 00:00:00,-0.1349999999999909
2014-03-26 00:00:00,-0.14300000000000068
2014-03-27 00:00:00,-0.07900000000000773
2014-03-28 00:00:00,-0.10000000000002274
2014-03-29 00:00:00,-0.17099999999999227
2014-03-30 00:00:00,-0.1290000000000191
2014-03-31 00:00:00,-0.20300000000000296
2014-04-01 00:00:00,-0.07499999999998863
2014-04-02 00:00:00,-0.1810000000000116
2014-04-03 00:00:00,0.03499999999999659
2014-04-04 00:00:00,-0.1220000000000141
2014-04-05 00:00:00,-0.07800000000000296
2014-04-06 00:00:00,-0.06900000000001683
2014-04-07 00:00:00,-0.16100000000000136
2014-04-08 00:00:00,-0.10899999999998045
2014-04-09 00:00:00,-0.18400000000002592
2014-04-10 00:00:00,-0.13300000000000978
2014-04-11 00:00:00,-0.12000000000000455
2014-04-12 00:00:00,-0.15000000000000568
2014-04-13 00:00:00,-0.12600000000000477
2014-04-14 00:00:00,-0.10800000000000409
2014-04-15 00:00:00,-0.15000000000000568
2014-04-16 00:00:00,-0.10500000000001819
2014-04-17 00:00:00,-0.10999999999998522
2014-04-18 00:00:00,-0.11899999999999977
2014-04-19 00:00:00,-0.13399999999998613
2014-04-20 00:00:00,-0.09000000000000341
2014-04-21 00:00:00,-0.11199999999999477
2014-04-22 00:00:00,-0.09000000000000341
2014-04-23 00:00:00,-0.10800000000000409
2014-04-24 00:00:00,-0.10999999999998522
2014-04-25 00:00:00,-0.09799999999998477
2014-04-26 00:00:00,-0.11299999999999955
2014-04-27 00:00:00,-0.10600000000002296
2014-04-28 00:00:00,-0.13100000000000023
2014-04-29 00:00:00,-0.09100000000000819
2014-04-30 00:00:00,-0.13999999999998636
2014-05-01 00:00:00,-0.11299999999999955
2014-05-02 00:00:00,-0.07200000000000273
2014-05-03 00:00:00,-0.1220000000000141
2014-05-04 00:00:00,-0.09900000000001796
2014-05-05 00:00:00,-0.12000000000000455
2014-05-06 00:00:00,-0.09499999999999886
2014-05-07 00:00:00,-0.1360000000000241
2014-05-08 00:00:00,-0.125
2014-05-09 00:00:00,-0.08400000000000318
2014-05-10 00:00:00,-0.125
2014-05-11 00:00:00,-0.09200000000001296
2014-05-12 00:00:00,-0.12299999999999045
2014-05-13 00:00:00,-0.11599999999998545
2014-05-14 00:00:00,-0.09000000000000341
2014-05-15 00:00:00,-0.10999999999998522
2014-05-16 00:00:00,-0.10500000000001819
2014-05-17 00:00:00,-0.1449999999999818
2014-05-18 00:00:00,-0.09800000000001319
2014-05-19 00:00:00,-0.12800000000001432
2014-05-20 00:00:00,-0.10699999999999932
2014-05-21 00:00:00,-0.13599999999999568
2014-05-22 00:00:00,-0.12100000000000932
2014-05-23 00:00:00,-0.11899999999999977
2014-05-24 00:00:00,-0.08100000000001728
2014-05-25 00:00:00,-0.1279999999999859
2014-05-26 00:00:00,-0.12299999999999045
2014-05-27 00:00:00,-0.12600000000000477
2014-05-28 00:00:00,-0.11299999999999955
2014-05-29 00:00:00,-0.13999999999998636
2014-05-30 00:00:00,-0.09499999999999886
2014-05-31 00:00:00,-0.10900000000000887
2014-06-01 00:00:00,-0.08100000000001728
2014-06-02 00:00:00,-0.1220000000000141
2014-06-03 00:00:00,-0.10300000000000864
2014-06-04 00:00:00,-0.11400000000000432
2014-06-05 00:00:00,-0.10900000000000887
2014-06-06 00:00:00,-0.10300000000000864
2014-06-07 00:00:00,-0.10800000000000409
2014-06-08 00:00:00,-0.11899999999999977
2014-06-09 00:00:00,-0.13100000000000023
2014-06-10 00:00:00,-0.10800000000000409
2014-06-11 00:00:00,-0.10599999999999454
2014-06-12 00:00:00,-0.1349999999999909
2014-06-13 00:00:00,-0.10699999999999932
2014-06-14 00:00:00,-0.09099999999997976
2014-06-15 00:00:00,-0.14000000000001478
2014-06-16 00:00:00,-0.09399999999999409
2014-06-17 00:00:00,-0.11400000000000432
2014-06-18 00:00:00,-0.11200000000002319
2014-06-19 00:00:00,-0.10800000000000409
2014-06-20 00:00:00,-0.08800000000002228
2014-06-21 00:00:00,-0.09100000000000819
2014-06-22 00:00:00,-0.10099999999999909
2014-06-23 00:00:00,-0.10500000000001819
2014-06-24 00:00:00,-0.11000000000001364
2014-06-25 00:00:00,-0.08799999999999386
2014-06-26 00:00:00,-0.09399999999999409
2014-06-27 00:00:00,-0.1150000000000091
2014-06-28 00:00:00,-0.07099999999999795
2014-06-29 00:00:00,-0.117999999999995
2014-06-30 00:00:00,-0.09000000000000341
2014-07-01 00:00:00,-0.10999999999998522
2014-07-02 00:00:00,-0.07400000000001228
2014-07-03 00:00:00,-0.11699999999999022
2014-07-04 00:00:00,-0.11099999999999
2014-07-05 00:00:00,-0.09600000000000364
2014-07-06 00:00:00,-0.10200000000000387
2014-07-07 00:00:00,-0.09099999999997976
2014-07-08 00:00:00,-0.11199999999999477
2014-07-09 00:00:00,-0.11899999999999977
2014-07-10 00:00:00,-0.09999999999999432
2014-07-11 00:00:00,-0.11199999999999477
2014-07-12 00:00:00,-0.09600000000000364
2014-07-13 00:00:00,-0.11099999999999
2014-07-14 00:00:00,-0.10699999999999932
2014-07-15 00:00:00,-0.14100000000001955
2014-07-16 00:00:00,-0.06700000000000728
2014-07-17 00:00:00,-0.09099999999997976
2014-07-18 00:00:00,-0.14700000000001978
2014-07-19 00:00:00,-0.11299999999999955
2014-07-20 00:00:00,-0.12299999999999045
2014-07-21 00:00:00,-0.08899999999999864
2014-07-22 00:00:00,-0.13100000000000023
2014-07-23 00:00:00,-0.10300000000000864
2014-07-24 00:00:00,-0.10400000000001342
2014-07-25 00:00:00,-0.11699999999999022
2014-07-26 00:00:00,-0.11099999999999
2014-07-27 00:00:00,-0.12300000000001887
2014-07-28 00:00:00,-0.08600000000001273
2014-07-29 00:00:00,-0.12700000000000955
2014-07-30 00:00:00,-0.11000000000001364
2014-07-31 00:00:00,-0.12600000000000477
2014-08-01 00:00:00,-0.08200000000002206
2014-08-02 00:00:00,-0.10599999999999454
2014-08-03 00:00:00,-0.1349999999999909
2014-08-04 00:00:00,-0.11600000000001387
2014-08-05 00:00:00,-0.0689999999999884
2014-08-06 00:00:00,-0.11400000000000432
2014-08-07 00:00:00,-0.08899999999999864
2014-08-08 00:00:00,-0.10900000000000887
2014-08-09 00:00:00,-0.1490000000000009
2014-08-10 00:00:00,-0.0689999999999884
2014-08-11 00:00:00,-0.10900000000000887
2014-08-12 00:00:00,-0.10900000000000887
2014-08-13 00:00:00,-0.09600000000000364
2014-08-14 00:00:00,-0.12299999999999045
2014-08-15 00:00:00,-0.08099999999998886
2014-08-16 00:00:00,-0.10600000000002296
2014-08-17 00:00:00,-0.10699999999999932
2014-08-18 00:00:00,-0.08299999999999841
2014-08-19 00:00:00,-0.10500000000001819
2014-08-20 00:00:00,-0.13700000000000045
2014-08-21 00:00:00,-0.08299999999999841
2014-08-22 00:00:00,-0.08400000000000318
2014-08-23 00:00:00,-0.11699999999999022
2014-08-24 00:00:00,-0.1150000000000091
2014-08-25 00:00:00,-0.10300000000000864
2014-08-26 00:00:00,-0.06100000000000705
2014-08-27 00:00:00,-0.10200000000000387
2014-08-28 00:00:00,-0.1560000000000059
2014-08-29 00:00:00,-0.057999999999992724
2014-08-30 00:00:00,-0.13000000000002387
2014-08-31 00:00:00,-0.11699999999999022
2014-09-01 00:00:00,-0.09400000000002251
2014-09-02 00:00:00,-0.10099999999999909
2014-09-03 00:00:00,-0.10200000000000387
2014-09-04 00:00:00,-0.11700000000001864
2014-09-05 00:00:00,-0.3370000000000175
2014-09-06 00:00:00,-0.18599999999997863
2014-09-07 00:00:00,-0.1670000000000016
2014-09-08 00:00:00,-0.15200000000001523
2014-09-09 00:00:00,-0.08899999999999864
2014-09-10 00:00:00,-0.12600000000000477
2014-09-11 00:00:00,-0.13400000000001455
2014-09-12 00:00:00,-0.09600000000000364
2014-09-13 00:00:00,-0.06999999999999318
2014-09-14 00:00:00,-0.10400000000001342
2014-09-15 00:00:00,-0.10199999999997544
2014-09-16 00:00:00,-0.11400000000000432
2014-09-17 00:00:00,-0.14099999999999113
2014-09-18 00:00:00,-0.09199999999998454
2014-09-19 00:00:00,-0.06999999999999318
2014-09-20 00:00:00,-0.13599999999999568
2014-09-21 00:00:00,-0.11599999999998545
2014-09-22 00:00:00,-0.09899999999998954
2014-09-23 00:00:00,-0.06400000000002137
2014-09-24 00:00:00,-0.1419999999999959
2014-09-25 00:00:00,-0.14800000000002456
2014-09-26 00:00:00,-0.10800000000000409
2014-09-27 00:00:00,0.09300000000001774
2014-09-28 00:00:00,0.01300000000000523
2014-09-29 00:00:00,-0.08400000000000318
2014-09-30 00:00:00,-0.12000000000000455
2014-10-01 00:00:00,-0.09300000000001774
2014-10-02 00:00:00,-0.103999999999985
2014-10-03 00:00:00,-0.11899999999999977
2014-10-04 00:00:00,-0.10800000000000409
2014-10-05 00:00:00,-0.11599999999998545
2014-10-06 00:00:00,-0.08299999999999841
2014-10-07 00:00:00,-0.11599999999998545
2014-10-08 00:00:00,-0.12800000000001432
2014-10-09 00:00:00,-0.09499999999999886
2014-10-10 00:00:00,-0.10200000000000387
2014-10-11 00:00:00,-0.11099999999999
2014-10-12 00:00:00,-0.11700000000001864
2014-10-13 00:00:00,-0.11100000000001842
2014-10-14 00:00:00,-0.10499999999998977
2014-10-15 00:00:00,-0.10400000000001342
2014-10-16 00:00:00,-0.09699999999997999
2014-10-17 00:00:00,-0.11000000000001364
2014-10-18 00:00:00,-0.12700000000000955
2014-10-19 00:00:00,-0.125
2014-10-20 00:00:00,-0.0759999999999934
2014-10-21 00:00:00,-0.10800000000000409
2014-10-22 00:00:00,-0.11699999999999022
2014-10-23 00:00:00,-0.09000000000000341
2014-10-24 00:00:00,-0.10200000000000387
2014-10-25 00:00:00,-0.11199999999999477
2014-10-26 00:00:00,-0.10599999999999454
2014-10-27 00:00:00,-0.09999999999999432
2014-10-28 00:00:00,-0.07200000000000273
2014-10-29 00:00:00,-0.14799999999999613
2014-10-30 00:00:00,-0.06800000000001205
2014-10-31 00:00:00,-0.12100000000000932
2014-11-01 00:00:00,-0.1279999999999859
2014-11-02 00:00:00,-0.0759999999999934
2014-11-03 00:00:00,-0.10099999999999909
2014-11-04 00:00:00,-0.11299999999999955
2014-11-05 00:00:00,-0.10600000000002296
2014-11-06 00:00:00,-0.10099999999999909
2014-11-07 00:00:00,-0.09899999999998954
2014-11-08 00:00:00,-0.10200000000000387
2014-11-09 00:00:00,-0.11699999999999022
2014-11-10 00:00:00,-0.11999999999997613
2014-11-11 00:00:00,-0.10900000000000887
2014-11-12 00:00:00,-0.08199999999999363
2014-11-13 00:00:00,-0.09800000000001319
2014-11-14 00:00:00,-0.10599999999999454
2014-11-15 00:00:00,-0.13700000000000045
2014-11-16 00:00:00,-0.07699999999999818
2014-11-17 00:00:00,-0.08199999999999363
2014-11-18 00:00:00,-0.08799999999999386
2014-11-19 00:00:00,-0.17399999999997817
2014-11-20 00:00:00,-0.11400000000000432
2014-11-21 00:00:00,-0.08299999999999841
2014-11-22 00:00:00,-0.11299999999999955
2014-11-23 00:00:00,-0.08699999999998909
2014-11-24 00:00:00,-0.07900000000000773
2014-11-25 00:00:00,-0.19499999999999318
2014-11-26 00:00:00,-0.10899999999998045
2014-11-27 00:00:00,-0.12400000000002365
2014-11-28 00:00:00,-0.1529999999999916
2014-11-29 00:00:00,-0.10300000000000864
2014-11-30 00:00:00,-0.09399999999999409
2014-12-01 00:00:00,-0.10099999999999909
2014-12-02 00:00:00,-0.1839999999999975
2014-12-03 00:00:00,-0.14599999999998658
2014-12-04 00:00:00,-0.10099999999999909
2014-12-05 00:00:00,-0.12000000000000455
2014-12-06 00:00:00,-0.15000000000000568
2014-12-07 00:00:00,-0.09900000000001796
2014-12-08 00:00:00,-0.040000000000020464
2014-12-09 00:00:00,-0.07399999999998386
2014-12-10 00:00:00,-0.19999999999998863
2014-12-11 00:00:00,-0.12000000000000455
2014-12-12 00:00:00,-0.17199999999999704
2014-12-13 00:00:00,-0.09200000000001296
2014-12-14 00:00:00,-0.09999999999999432
2014-12-15 00:00:00,-0.10099999999999909
2014-12-16 00:00:00,-0.11599999999998545
2014-12-17 00:00:00,-0.11299999999999955
2014-12-18 00:00:00,-0.09600000000000364
2014-12-19 00:00:00,-0.16499999999999204
2014-12-20 00:00:00,-0.09999999999999432
2014-12-21 00:00:00,-0.08299999999999841
2014-12-22 00:00:00,-0.15399999999999636
2014-12-23 00:00:00,-0.11000000000001364
2014-12-24 00:00:00,-0.11400000000000432
2014-12-25 00:00:00,-0.10000000000002274
2014-12-26 00:00:00,-0.11700000000001864
2014-12-27 00:00:00,-0.1220000000000141
2014-12-28 00:00:00,-0.10799999999997567
2014-12-29 00:00:00,-0.13100000000000023
2014-12-30 00:00:00,-0.09100000000000819
2014-12-31 00:00:00,-0.10500000000001819
2015-01-01 00:00:00,-0.09100000000000819
2015-01-02 00:00:00,-0.1939999999999884
2015-01-03 00:00:00,-0.11299999999999955
2015-01-04 00:00:00,-0.16399999999998727
2015-01-05 00:00:00,-0.10800000000000409
2015-01-06 00:00:00,-0.0689999999999884
2015-01-07 00:00:00,-0.1699999999999875
2015-01-08 00:00:00,-0.12299999999999045
2015-01-09 00:00:00,-0.11299999999999955
2015-01-10 00:00:00,-0.103999999999985
2015-01-11 00:00:00,-0.10699999999999932
2015-01-12 00:00:00,-0.04999999999998295
2015-01-13 00:00:00,-0.12199999999998568
2015-01-14 00:00:00,-0.08299999999999841
2015-01-15 00:00:00,-0.09999999999999432
2015-01-16 00:00:00,-0.1560000000000059
2015-01-17 00:00:00,-0.103999999999985
2015-01-18 00:00:00,-0.09399999999999409
2015-01-19 00:00:00,-0.09300000000001774
2015-01-20 00:00:00,-0.14300000000000068
2015-01-21 00:00:00,-0.11699999999999022
2015-01-22 00:00:00,-0.125
2015-01-23 00:00:00,-0.11199999999999477
2015-01-24 00:00:00,-0.0730000000000075
2015-01-25 00:00:00,-0.08500000000000796
2015-01-26 00:00:00,-0.12400000000002365
2015-01-27 00:00:00,-0.10099999999999909
2015-01-28 00:00:00,-0.10499999999998977
2015-01-29 00:00:00,-0.10200000000000387
2015-01-30 00:00:00,-0.10099999999999909
2015-01-31 00:00:00,-0.12999999999999545
2015-02-01 00:00:00,-0.09399999999999409
2015-02-02 00:00:00,-0.17799999999999727
2015-02-03 00:00:00,-0.11599999999998545
2015-02-04 00:00:00,-0.11699999999999022
2015-02-05 00:00:00,-0.09799999999998477
2015-02-06 00:00:00,-0.07099999999999795
2015-02-07 00:00:00,-0.10699999999999932
2015-02-08 00:00:00,-0.12400000000002365
2015-02-09 00:00:00,-0.11000000000001364
2015-02-10 00:00:00,-0.05099999999998772
2015-02-11 00:00:00,-0.12100000000000932
2015-02-12 00:00:00,-0.022999999999996135
2015-02-13 00:00:00,-0.19200000000000728
2015-02-14 00:00:00,-0.06100000000000705
2015-02-15 00:00:00,-0.12000000000000455
2015-02-16 00:00:00,-0.0519999999999925
2015-02-17 00:00:00,-0.09800000000001319
2015-02-18 00:00:00,-0.09000000000000341
2015-02-19 00:00:00,-0.07200000000000273
2015-02-20 00:00:00,-0.13800000000000523
2015-02-21 00:00:00,-0.11099999999999
2015-02-22 00:00:00,-0.07299999999997908
2015-02-23 00:00:00,0.027999999999991587
2015-02-24 00:00:00,-0.1419999999999959
2015-02-25 00:00:00,-0.12700000000000955
2015-02-26 00:00:00,-0.1729999999999734
2015-02-27 00:00:00,0.0
2015-02-28 00:00:00,-0.03699999999997772
2015-03-01 00:00:00,-0.07200000000000273
2015-03-02 00:00:00,-0.09700000000000841
2015-03-03 00:00:00,-0.030000000000001137
2015-03-04 00:00:00,-0.08199999999999363
2015-03-05 00:00:00,-0.11400000000000432
2015-03-06 00:00:00,-0.11199999999999477
2015-03-07 00:00:00,-0.040000000000020464
2015-03-08 00:00:00,-0.08400000000000318
2015-03-09 00:00:00,-0.09600000000000364
2015-03-10 00:00:00,0.06799999999998363
2015-03-11 00:00:00,-0.09900000000001796
2015-03-12 00:00:00,-0.10499999999998977
2015-03-13 00:00:00,-0.10599999999999454
2015-03-14 00:00:00,-0.13400000000001455
2015-03-15 00:00:00,-0.1220000000000141
2015-03-16 00:00:00,-0.021000000000015007
2015-03-17 00:00:00,-0.11400000000000432
2015-03-18 00:00:00,-0.09299999999998931
2015-03-19 00:00:00,-0.08799999999999386
2015-03-20 00:00:00,-0.1349999999999909
2015-03-21 00:00:00,-0.11299999999999955
2015-03-22 00:00:00,-0.038000000000010914
2015-03-23 00:00:00,-0.10599999999999454
2015-03-24 00:00:00,-0.09999999999999432
2015-03-25 00:00:00,-0.03499999999999659
2015-03-26 00:00:00,-0.08400000000000318
2015-03-27 00:00:00,-0.10800000000000409
2015-03-28 00:00:00,-0.14700000000001978
2015-03-29 00:00:00,-0.08799999999999386
2015-03-30 00:00:00,-0.11000000000001364
2015-03-31 00:00:00,-0.036000000000001364
2015-04-01 00:00:00,-0.20300000000000296
2015-04-02 00:00:00,-0.15500000000000114
2015-04-03 00:00:00,-0.07400000000001228
2015-04-04 00:00:00,-0.08699999999998909
2015-04-05 00:00:00,-0.09399999999999409
2015-04-06 00:00:00,-0.11100000000001842
2015-04-07 00:00:00,-0.1279999999999859
2015-04-08 00:00:00,-0.11400000000000432
2015-04-09 00:00:00,-0.10899999999998045
2015-04-10 00:00:00,-0.15399999999999636
2015-04-11 00:00:00,-0.10800000000000409
2015-04-12 00:00:00,-0.14000000000001478
2015-04-13 00:00:00,-0.11700000000001864
2015-04-14 00:00:00,-0.1449999999999818
2015-04-15 00:00:00,-0.12399999999999523
2015-04-16 00:00:00,-0.0730000000000075
2015-04-17 00:00:00,-0.14200000000002433
2015-04-18 00:00:00,-0.07900000000000773
2015-04-19 00:00:00,-0.10999999999998522
2015-04-20 00:00:00,-0.15399999999999636
2015-04-21 00:00:00,-0.11400000000000432
2015-04-22 00:00:00,-0.10800000000000409
2015-04-23 00:00:00,-0.1209999999999809
2015-04-24 00:00:00,-0.08800000000002228
2015-04-25 00:00:00,-0.13800000000000523
2015-04-26 00:00:00,-0.08600000000001273
2015-04-27 00:00:00,-0.10600000000002296
2015-04-28 00:00:00,-0.10800000000000409
2015-04-29 00:00:00,-0.11899999999999977
2015-04-30 00:00:00,-0.11200000000002319
2015-05-01 00:00:00,-0.11000000000001364
2015-05-02 00:00:00,-0.10500000000001819
2015-05-03 00:00:00,-0.10900000000000887
2015-05-04 00:00:00,-0.09099999999997976
2015-05-05 00:00:00,-0.13999999999998636
2015-05-06 00:00:00,-0.09399999999999409
2015-05-07 00:00:00,-0.10099999999999909
2015-05-08 00:00:00,-0.12299999999999045
2015-05-09 00:00:00,-0.08499999999997954
2015-05-10 00:00:00,-0.11199999999999477
2015-05-11 00:00:00,-0.09299999999998931
2015-05-12 00:00:00,-0.12899999999999068
2015-05-13 00:00:00,-0.09600000000000364
2015-05-14 00:00:00,-0.10200000000000387
2015-05-15 00:00:00,-0.09199999999998454
2015-05-16 00:00:00,-0.15100000000001046
2015-05-17 00:00:00,-0.1150000000000091
2015-05-18 00:00:00,-0.11099999999999
2015-05-19 00:00:00,-0.09499999999999886
2015-05-20 00:00:00,-0.12399999999999523
2015-05-21 00:00:00,-0.09200000000001296
2015-05-22 00:00:00,-0.10800000000000409
2015-05-23 00:00:00,-0.10900000000000887
2015-05-24 00:00:00,-0.09600000000000364
2015-05-25 00:00:00,-0.10499999999998977
2015-05-26 00:00:00,-0.1150000000000091
2015-05-27 00:00:00,-0.09999999999999432
2015-05-28 00:00:00,-0.10200000000000387
2015-05-29 00:00:00,-0.1670000000000016
2015-05-30 00:00:00,-0.09000000000000341
2015-05-31 00:00:00,-0.12100000000000932
2015-06-01 00:00:00,-0.11299999999999955
2015-06-02 00:00:00,-0.1150000000000091
2015-06-03 00:00:00,-0.11400000000000432
2015-06-04 00:00:00,-0.10500000000001819
2015-06-05 00:00:00,-0.07699999999999818
2015-06-06 00:00:00,-0.12700000000000955
2015-06-07 00:00:00,-0.08599999999998431
2015-06-08 00:00:00,-0.09800000000001319
2015-06-09 00:00:00,-0.10999999999998522
2015-06-10 00:00:00,-0.10299999999998022
2015-06-11 00:00:00,-0.11800000000002342
2015-06-12 00:00:00,-0.10200000000000387
2015-06-13 00:00:00,-0.11800000000002342
2015-06-14 00:00:00,-0.09300000000001774
2015-06-15 00:00:00,-0.10300000000000864
2015-06-16 00:00:00,-0.14099999999999113
2015-06-17 00:00:00,-0.10800000000000409
2015-06-18 00:00:00,-0.1220000000000141
2015-06-19 00:00:00,-0.10800000000000409
2015-06-20 00:00:00,-0.09100000000000819
2015-06-21 00:00:00,-0.09800000000001319
2015-06-22 00:00:00,-0.14500000000001023
2015-06-23 00:00:00,-0.08500000000000796
2015-06-24 00:00:00,-0.13000000000002387
2015-06-25 00:00:00,-0.09000000000000341
2015-06-26 00:00:00,-0.12199999999998568
2015-06-27 00:00:00,-0.10499999999998977
2015-06-28 00:00:00,-0.11899999999999977
2015-06-29 00:00:00,-0.11400000000000432
2015-06-30 00:00:00,-0.10400000000001342
2015-07-01 00:00:00,-0.10599999999999454
2015-07-02 00:00:00,-0.15100000000001046
2015-07-03 00:00:00,-0.11099999999999
2015-07-04 00:00:00,-0.1150000000000091
2015-07-05 00:00:00,-0.10699999999999932
2015-07-06 00:00:00,-0.09399999999999409
2015-07-07 00:00:00,-0.09900000000001796
2015-07-08 00:00:00,-0.16300000000001091
2015-07-09 00:00:00,-0.10800000000000409
2015-07-10 00:00:00,-0.12600000000000477
2015-07-11 00:00:00,-0.09300000000001774
2015-07-12 00:00:00,-0.1490000000000009
2015-07-13 00:00:00,-0.12800000000001432
2015-07-14 00:00:00,-0.08500000000000796
2015-07-15 00:00:00,-0.11299999999999955
2015-07-16 00:00:00,-0.10999999999998522
2015-07-17 00:00:00,-0.10299999999998022
2015-07-18 00:00:00,-0.10599999999999454
2015-07-19 00:00:00,-0.12700000000000955
2015-07-20 00:00:00,-0.11299999999999955
2015-07-21 00:00:00,-0.11899999999999977
2015-07-22 00:00:00,-0.10200000000000387
2015-07-23 00:00:00,-0.07099999999999795
2015-07-24 00:00:00,-0.15500000000000114
2015-07-25 00:00:00,-0.12299999999999045
2015-07-26 00:00:00,-0.09799999999998477
2015-07-27 00:00:00,-0.09899999999998954
2015-07-28 00:00:00,-0.13999999999998636
2015-07-29 00:00:00,-0.08400000000000318
2015-07-30 00:00:00,-0.11199999999999477
2015-07-31 00:00:00,-0.12000000000000455
2015-08-01 00:00:00,-0.09399999999999409
2015-08-02 00:00:00,-0.10699999999999932
2015-08-03 00:00:00,-0.09299999999998931
2015-08-04 00:00:00,-0.10099999999999909
2015-08-05 00:00:00,-0.10200000000000387
2015-08-06 00:00:00,-0.117999999999995
2015-08-07 00:00:00,-0.09000000000000341
2015-08-08 00:00:00,-0.15500000000000114
2015-08-09 00:00:00,-0.12000000000000455
2015-08-10 00:00:00,-0.08799999999999386
2015-08-11 00:00:00,-0.14400000000000546
2015-08-12 00:00:00,-0.09499999999999886
2015-08-13 00:00:00,-0.1150000000000091
2015-08-14 00:00:00,-0.10999999999998522
2015-08-15 00:00:00,-0.14999999999997726
2015-08-16 00:00:00,-0.08699999999998909
2015-08-17 00:00:00,-0.11100000000001842
2015-08-18 00:00:00,-0.08500000000000796
2015-08-19 00:00:00,-0.1449999999999818
2015-08-20 00:00:00,-0.09400000000002251
2015-08-21 00:00:00,-0.10599999999999454
2015-08-22 00:00:00,-0.11099999999999
2015-08-23 00:00:00,-0.18300000000002115
2015-08-24 00:00:00,-0.09600000000000364
2015-08-25 00:00:00,-0.11600000000001387
2015-08-26 00:00:00,-0.11099999999999
2015-08-27 00:00:00,-0.17300000000000182
2015-08-28 00:00:00,-0.10800000000000409
2015-08-29 00:00:00,-0.10699999999999932
2015-08-30 00:00:00,-0.14100000000001955
2015-08-31 00:00:00,-0.13899999999998158
2015-09-01 00:00:00,-0.13300000000000978
2015-09-02 00:00:00,-0.10200000000000387
2015-09-03 00:00:00,-0.1220000000000141
2015-09-04 00:00:00,-0.117999999999995
2015-09-05 00:00:00,-0.10200000000000387
2015-09-06 00:00:00,-0.11199999999999477
2015-09-07 00:00:00,-0.13899999999998158
2015-09-08 00:00:00,-0.1769999999999925
2015-09-09 00:00:00,-0.17199999999999704
2015-09-10 00:00:00,-0.09499999999999886
2015-09-11 00:00:00,-0.10800000000000409
2015-09-12 00:00:00,-0.09999999999999432
2015-09-13 00:00:00,-0.10400000000001342
2015-09-14 00:00:00,-0.10899999999998045
2015-09-15 00:00:00,-0.13100000000000023
2015-09-16 00:00:00,-0.11899999999999977
2015-09-17 00:00:00,-0.11299999999999955
2015-09-18 00:00:00,-0.11099999999999
2015-09-19 00:00:00,-0.10699999999999932
2015-09-20 00:00:00,-0.07099999999999795
2015-09-21 00:00:00,-0.07800000000000296
2015-09-22 00:00:00,-0.11099999999999
2015-09-23 00:00:00,-0.13300000000000978
2015-09-24 00:00:00,-0.12700000000000955
2015-09-25 00:00:00,-0.17799999999999727
2015-09-26 00:00:00,-0.10300000000000864
2015-09-27 00:00:00,-0.11400000000000432
2015-09-28 00:00:00,-0.1360000000000241
2015-09-29 00:00:00,-0.10300000000000864
2015-09-30 00:00:00,-0.10599999999999454
2015-10-01 00:00:00,-0.08600000000001273
2015-10-02 00:00:00,-0.10499999999998977
2015-10-03 00:00:00,-0.07699999999999818
2015-10-04 00:00:00,-0.08899999999999864
2015-10-05 00:00:00,-0.09499999999999886
2015-10-06 00:00:00,-0.11199999999999477
2015-10-07 00:00:00,-0.1150000000000091
2015-10-08 00:00:00,-0.11299999999999955
2015-10-09 00:00:00,-0.046999999999997044
2015-10-10 00:00:00,-0.10099999999999909
2015-10-11 00:00:00,-0.09999999999999432
2015-10-12 00:00:00,-0.09499999999999886
2015-10-13 00:00:00,-0.09500000000002728
2015-10-14 00:00:00,-0.11599999999998545
2015-10-15 00:00:00,-0.14700000000001978
2015-10-16 00:00:00,-0.12399999999999523
2015-10-17 00:00:00,-0.10200000000000387
2015-10-18 00:00:00,-0.08499999999997954
2015-10-19 00:00:00,-0.11199999999999477
2015-10-20 00:00:00,-0.10900000000000887
2015-10-21 00:00:00,-0.1150000000000091
2015-10-22 00:00:00,-0.1209999999999809
2015-10-23 00:00:00,-0.08799999999999386
2015-10-24 00:00:00,-0.10200000000000387
2015-10-25 00:00:00,-0.11800000000002342
2015-10-26 00:00:00,-0.10800000000000409
2015-10-27 00:00:00,-0.09899999999998954
2015-10-28 00:00:00,-0.10099999999999909
2015-10-29 00:00:00,-0.1220000000000141
2015-10-30 00:00:00,-0.10599999999999454
2015-10-31 00:00:00,-0.11299999999999955
2015-11-01 00:00:00,-0.11199999999999477
2015-11-02 00:00:00,-0.11700000000001864
2015-11-03 00:00:00,-0.11899999999999977
2015-11-04 00:00:00,0.03799999999998249
2015-11-05 00:00:00,-0.09299999999998931
2015-11-06 00:00:00,-0.09400000000002251
2015-11-07 00:00:00,-0.10199999999997544
2015-11-08 00:00:00,-0.044999999999987494
2015-11-09 00:00:00,-0.0619999999999834
2015-11-10 00:00:00,-0.07400000000001228
2015-11-11 00:00:00,-0.10200000000000387
2015-11-12 00:00:00,-0.10699999999999932
2015-11-13 00:00:00,-0.11199999999999477
2015-11-14 00:00:00,-0.10800000000000409
2015-11-15 00:00:00,-0.05000000000001137
2015-11-16 00:00:00,-0.09300000000001774
2015-11-17 00:00:00,-0.10400000000001342
2015-11-18 00:00:00,-0.10499999999998977
2015-11-19 00:00:00,-0.10699999999999932
2015-11-20 00:00:00,-0.08899999999999864
2015-11-21 00:00:00,-0.12299999999999045
2015-11-22 00:00:00,-0.09800000000001319
2015-11-23 00:00:00,-0.09899999999998954
2015-11-24 00:00:00,-0.14399999999997704
2015-11-25 00:00:00,-0.13700000000000045
2015-11-26 00:00:00,-0.1150000000000091
2015-11-27 00:00:00,-0.12600000000000477
2015-11-28 00:00:00,-0.09799999999998477
2015-11-29 00:00:00,-0.12000000000000455
2015-11-30 00:00:00,-0.10299999999998022
2015-12-01 00:00:00,-0.1419999999999959
2015-12-02 00:00:00,-0.07800000000000296
2015-12-03 00:00:00,-0.103999999999985
2015-12-04 00:00:00,-0.125
2015-12-05 00:00:00,-0.16800000000000637
2015-12-06 00:00:00,-0.14699999999999136
2015-12-07 00:00:00,-0.12699999999998113
2015-12-08 00:00:00,-0.1139999999999759
2015-12-09 00:00:00,-0.0800000000000125
2015-12-10 00:00:00,-0.11400000000000432
2015-12-11 00:00:00,-0.10899999999998045
2015-12-12 00:00:00,-0.11899999999999977
2015-12-13 00:00:00,-0.10099999999999909
2015-12-14 00:00:00,-0.07200000000000273
2015-12-15 00:00:00,-0.07800000000000296
2015-12-16 00:00:00,-0.08899999999999864
2015-12-17 00:00:00,-0.11199999999999477
2015-12-18 00:00:00,-0.12600000000000477
2015-12-19 00:00:00,-0.10200000000000387
2015-12-20 00:00:00,-0.07699999999999818
2015-12-21 00:00:00,-0.146000000000015
2015-12-22 00:00:00,-0.08600000000001273
2015-12-23 00:00:00,-0.1279999999999859
2015-12-24 00:00:00,-0.11700000000001864
2015-12-25 00:00:00,-0.08600000000001273
2015-12-26 00:00:00,-0.1209999999999809
2015-12-27 00:00:00,-0.10900000000000887
2015-12-28 00:00:00,-0.10600000000002296
2015-12-29 00:00:00,-0.10499999999998977
2015-12-30 00:00:00,-0.1570000000000107
2015-12-31 00:00:00,-0.11000000000001364
2016-01-01 00:00:00,-0.14500000000001023
2016-01-02 00:00:00,-0.07200000000000273
