$Rows with all zeros interpolated at JDAY 40563,40681,40682,40683,40684,40910,40911,40964,40965,40966,40967,40968,41214,41215,41216,41248,41251,41613,41614,41615,41616,41791,41807,41975,41976,41977,42048,42081,42082,42084,42311,42312,42313,42350,42351,42352
,,,,,,,,,,,,,,,,,,,,,,,,,,,,,,,,,,,
JDAY,POW3.B,POW12.B,POW.S,RO1,RO2,RO3,SPB1,SPB2,MISC,,,,,,,,,,,,,,,,,,,,,,,,,,
1.000000,0,28.831,0,0,0,0,0,0,1.815
2.000000,0,29.158,0,0,0,0,0,0,1.826
3.000000,0,37.655,0,0,0,0,0,0,2.352
4.000000,0.042,53.775,0,0,0,0,0,0,3.38
5.000000,0,58.064,0,0,0,0,0,0,3.637
6.000000,0,46.669,0,0,0,0,0,0,2.916
7.000000,0,43.014,0,0,0,0,0,0,2.687
8.000000,0,48.655,0,0,0,0,0,0,3.04
9.000000,0,46.613,0,0,0,0,0,0,2.912
10.000000,0,44.367,0,0,0,0,0,0,2.779
11.000000,0,40.267,0,0,0,0,0,0,1.052
12.000000,24.982,7.611,0,0,0,0,0,0,0.863
13.000000,0.022,68.98,0,0,0,0,0,0,1.827
14.000000,0,124.736,0,0,0,0,0,0,3.153
15.000000,0,161.949,0,0,0,0,0,0,3.519
16.000000,0,196.928,0,0,0,0,0,0,4.279
17.000000,167.846,99.36,0,0,0,0,0,0,3.026
18.000000,321.383,182.848,0,0,0,0,0,0,5.594
19.000000,162.152,129.771,0,0,0,0,0,0,2.825
20.000000,162.152,129.771,0,0,0,0,0,0,2.825
21.000000,34.908,27.953,0,9.861,0,11.904,0,0,0.685
22.000000,112.203,90.16,0,30.656,0,37.715,0,0,1.545
23.000000,155.508,124.98,0,40.837,0,51.042,0,0,2.81
24.000000,155.81,117.949,0,39.397,0,50.421,0,0,2.936
25.000000,151.763,121.509,0,38.66,0,48.053,0,0,2.842
26.000000,159.901,128.231,0,42.893,0,50.882,0,0,2.645
27.000000,211.339,169.301,0,2.003,0,2.415,0,0,3.655
28.000000,206.223,165.219,0,0,0,0,0,0,3.56
29.000000,178.372,143.443,0,0,0,0,0,0,3.086
30.000000,162.852,131.058,0,0,0,0,0,0,2.813
31.000000,163.894,132.711,0,0,0,0,0,0,2.842
32.000000,159.838,128.527,0,0,0,0,0,0,2.749
33.000000,148.783,119.762,0,0,0,0,0,0,2.556
34.000000,149.802,120.906,0,0,0,0,0,0,2.569
35.000000,163.282,131.557,0,0,0,0,0,0,2.781
36.000000,171.712,138.262,0,0,0,0,0,0,2.933
37.000000,177.335,144.104,0,0,0,0,0,0,3.049
38.000000,163.653,132.797,0,0,0,0,0,0,2.803
39.000000,159.215,129.963,0,0,0,0,0,0,2.736
40.000000,167.141,136.484,0,0,0,0,0,0,2.875
41.000000,157.367,128.684,0,0,0,0,0,0,2.694
42.000000,160.264,131.046,0,0,0,0,0,0,2.738
43.000000,163.107,133.403,0,0,0,0,0,0,2.778
44.000000,159.997,130.885,0,0,0,0,0,0,2.718
45.000000,167.004,136.678,0,0,0,0,0,0,2.832
46.000000,171.796,140.606,0,0,0,0,0,0,2.901
47.000000,169.546,138.956,0,0,0,0,0,0,2.855
48.000000,181.091,148.539,0,0,0,0,0,0,3.041
49.000000,169.14,138.682,0,0,0,0,0,0,2.825
50.000000,286.816,9.505,0,0,0,0,0,0,4.783
51.000000,286.203,10.943,0,0,0,0,0,0,4.939
52.000000,153.074,80.874,0,0,0,0,0,0,3.462
53.000000,105.633,59.255,0,0,0,0,0,0,2.57
54.000000,110.016,57.437,0,0,0,0,0,0,2.648
55.000000,125.838,60.412,0,0,0,0,0,0,3.175
56.000000,129.057,47.771,0,0,0,0,0,0,2.883
57.000000,162.46,0,0,0,0,0,0,0,3.377
58.000000,165.543,0,0,0,0,0,0,0,3.447
59.000000,84.598,78.808,0,0,0,0,0,0,1.9
60.000000,77.896,65.243,0,0,0,0,0,0,1.361
61.000000,99.028,82.497,0,0,0,0,0,0,1.721
62.000000,153.238,126.546,0,0,0,0,0,0,2.675
63.000000,138.799,114.741,0,0,45.018,0,0,0,2.41
64.000000,143.516,118.338,0,0,44.711,0,0,0,3.621
65.000000,155.65,128.322,0,0,49.264,0,0,0,2.456
66.000000,163.339,135.973,0,0,53.271,0,0,0,2.951
67.000000,161.55,134.866,0,0,54.415,0,0,0,2.819
68.000000,162.645,135.907,0,0,54.893,0,0,0,3.186
69.000000,146.78,121.916,0,0,82.918,0,0,0,2.876
70.000000,152.973,127.81,0,0,91.666,0,0,0,2.554
71.000000,169.737,143.091,0,0,101.024,0,0,0,2.589
72.000000,160.816,134.512,0,0,94.294,0,0,0,2.813
73.000000,158.428,132.743,0,0,93.352,0,0,0,2.543
74.000000,179.543,148.443,0,0,106.154,0,0,0,2.994
75.000000,174.335,142.702,0,0,102.883,0,0,0,3.551
76.000000,171.24,140.249,0,0,101.202,0,0,0,2.747
77.000000,168.669,139.44,0,0,98.433,0,0,0,3.198
78.000000,143.931,119.546,0,0,105.576,0,0,0,2.296
79.000000,146.439,121.712,0,0,108.815,0,0,0,2.556
80.000000,168.534,124.407,0,0,96.705,0,0,0,3.304
81.000000,157.741,128.851,0,0,113.792,0,0,0,2.732
82.000000,157.624,131.615,0,0,118.491,0,0,0,2.52
83.000000,146.767,121.84,0,0,129.041,0,0,0,2.312
84.000000,145.31,122.856,0,0,142.325,0,0,0,2.569
85.000000,175.124,147.209,0,0,118.014,0,0,0,3.08
86.000000,183.959,148.118,0,0,120.694,0,0,0,3.157
87.000000,173.674,142.7,0,0,114.917,0,0,0,3.264
88.000000,164.969,137.086,0,0,107.764,0,0,0,2.743
89.000000,161.891,133.522,0,0,107.657,0,0,0,2.825
90.000000,158.835,119.261,0,0,193.93,0,0,0,3.069
91.000000,215.16,173.947,0,0,269.239,0,0,0,3.432
92.000000,238.575,191.923,0,0,324.231,0,0,0,4.564
93.000000,179.423,143.857,0,0,241.393,0,0,0,3.321
94.000000,151.866,123.203,0,49.552,123.295,50.735,0,0,2.883
95.000000,72.183,60.023,0,65.273,0,65.833,0,0,1.417
96.000000,121.507,99.522,0,118.766,0,116.875,0,0,1.935
97.000000,133.62,111.249,0,134.095,0,131.443,0,0,2.23
98.000000,125.372,102.525,0,139.797,0,138.556,0,0,1.804
99.000000,130.828,105.404,0,152.735,0,147.85,0,0,1.778
100.000000,143.366,116.311,0,168.551,0,163.587,0,0,2.263
101.000000,150.539,125.529,0,145.907,78.409,141.393,0,0,2.531
102.000000,155.566,130.43,0,128.442,121.068,128.203,0,0,2.68
103.000000,202.772,168.696,0,157.818,0,156.039,0,0,3.498
104.000000,206.531,169.035,0,137.969,20.006,137.872,0,0,3.288
105.000000,300.375,247.019,0,16.5,0,16.238,0,0,5.885
106.000000,372.775,167.202,0,0,0,0,0,0,10.651
107.000000,291.986,142.298,0,0,0,0,0,0,8.926
108.000000,161.596,80.321,0,0,0,0,0,0,4.977
109.000000,100.688,46.465,0,0,0,0,0,0,3.061
110.000000,54.831,42.363,0,0,10.466,0,0,0,1.181
111.000000,55.365,44.382,0,0,14.803,0,0,0,0.889
112.000000,72.743,58.02,0,0,18.754,0,0,0,1.218
113.000000,149.449,122.849,0,0,38.231,0,0,0,2.923
114.000000,154.313,124.628,0,0,41.02,0,0,0,2.478
115.000000,155.457,123.745,0,0,42.86,0,0,0,2.864
116.000000,180.171,143.241,0,0,50.89,0,0,0,3.179
117.000000,168.987,133.765,0,0,49.033,0,0,0,2.963
118.000000,164.209,130.212,0,0,48.005,0,0,0,2.639
119.000000,167.046,132.753,0,0,45.669,0,0,0,2.671
120.000000,188.371,151.405,0,0,0,0,0,0,3.306
121.000000,167.561,135.207,0,0,0,0,0,0,2.928
122.000000,159.893,129.654,0,0,0,0,0,0,3.012
123.000000,146.897,134.497,0,0,0,0,0,0,3.564
124.000000,158.918,144.538,0,0,0,0,0,0,3.793
125.000000,123.102,112.156,0,0,0,0,0,0,2.939
126.000000,117.025,106.074,0,0,0,0,0,0,2.793
127.000000,130.629,115.582,0,0,0,0,0,0,3.092
128.000000,184.308,86.502,0,0,0,0,0,0,5.251
129.000000,101.21,163.117,0,0,0,0,0,0,10.839
130.000000,85.837,137.358,0,0,0,0,0,0,9.295
131.000000,50.19,79.355,0,0.448,0,0,0,0,5.376
132.000000,28.584,44.46,0,0,0,0,0,0,3.011
133.000000,45.941,69.008,0,0,0,0,0,0,4.829
134.000000,47.595,76.541,0,0,0,0,0,0,5.224
135.000000,63.85,100.877,0,0,0,0,0,0,6.994
136.000000,101.66,144.993,0,0,0,0,0,0,10.49
137.000000,67.48,99.022,0,0,0,0,0,0,7.209
138.000000,67.48,99.022,0,0,0,0,0,0,7.209
139.000000,67.48,99.022,0,0,0,0,0,0,7.209
140.000000,67.48,99.022,0,0,0,0,0,0,7.209
141.000000,67.48,99.022,0,0,0,0,0,0,7.209
142.000000,34.446,47.429,0,0,0,0,0,0,3.142
143.000000,84.349,64.936,0,0,0,0,0,0,4.174
144.000000,38.226,44.694,0,0,0,0,0,0,1.855
145.000000,47.866,40.246,0,0,0,0,0,0,1.223
146.000000,62.507,56.321,0,0,0,0,0,0,1.624
147.000000,93.582,75.294,0,0,0,0,0,0,2.129
148.000000,0.113,183.961,0,0,0,0,0,0,8
149.000000,0,130.012,0,0,0,0,0,0,5.65
150.000000,50.338,38.325,0,0,0,0,0,0,1.278
151.000000,9.742,7.848,0,0,0,0,0,0,0.259
152.000000,44.813,32.912,0,4.483,0,4.174,0,0,1.116
153.000000,108.722,79.481,0,1.971,16.104,1.845,0,0,2.251
154.000000,135.087,101.925,0,0,10.824,0,0,0,2.37
155.000000,167.706,122.646,0,0,16.285,0,0,0,3.028
156.000000,141.88,98.813,0,0,18.017,0,0,0,2.605
157.000000,155.011,133.599,0,0,0,0,0,0,4.281
158.000000,196.131,165.934,0,0,0,0,0,0,5.344
159.000000,174.583,148.203,0,0,0,0,0,0,4.773
160.000000,122.095,105.048,0,0,0,0,0,0,3.386
161.000000,83.077,74.209,0,0,0.292,0,0,0,2.336
162.000000,0,47.741,0,0,12.812,0,0,0,2.408
163.000000,0.292,138.685,0,0,14.358,0,0,0,6.601
164.000000,80.573,71.318,0,0,0,0,0,0,2.39
165.000000,40.146,34.71,0,0,0.766,0,0,0,1.197
166.000000,51.451,45.663,0,0,0,0,0,0,1.477
167.000000,90.828,80.473,0,0,0,0,0,0,2.619
168.000000,80.386,71.239,0,0,0,0,0,0,2.316
169.000000,0,121.284,0,0,19.482,0,0,0,7.217
170.000000,0,127.475,0,0,19.213,0,0,0,6.826
171.000000,82.616,75.327,0,0,1.563,0,0,0,2.258
172.000000,39.152,30.602,0,0.848,0.159,0.844,0.298,0.591,1.134
173.000000,73.141,58.346,0,0,0,0,0,0.344,1.317
174.000000,166.614,108.414,0,15.474,0,15.985,0,0.896,3.369
175.000000,190.979,136.962,0,10.012,0,9.843,0,0,3.816
176.000000,152.555,107.062,0,9.925,0.875,10.279,0,0,3.08
177.000000,100.084,68.115,0,0,15.71,0,0,0,1.861
178.000000,111.702,81.782,0,0,10.414,0,0,0,2.154
179.000000,130.622,103.786,0,0,0,0,0,0,2.625
180.000000,142.604,122.9,0,0,0,0,0,0,3.917
181.000000,173.017,148.293,0,0,0,0,0,0,4.45
182.000000,127.576,102.073,0,0,0,0,0,0,2.437
183.000000,80.322,64.313,0,0,0,0,0,0,1.539
184.000000,105.638,84.313,0,0,15.085,0,1.136,0,1.932
185.000000,107.912,86.409,0,0,51.033,0,0,0,2.154
186.000000,109.955,87.916,0,0,75.603,0,0,0,2.016
187.000000,121.626,97.211,0,1.04,88.965,1.04,0,0,2.52
188.000000,132.469,105.7,0,0,50.805,0,25.393,24.94,2.321
189.000000,141.187,112.646,0,0,0,0,63.456,63.964,3.032
190.000000,137.625,109.73,0,0,0,0,65.038,65.262,2.407
191.000000,147.878,118.424,0,0,0,0,37.254,46.341,2.485
192.000000,169.369,135.603,0,0,0,0,23.274,27.259,2.979
193.000000,164.085,131.609,0,0,0,0,21.992,24.937,3.294
194.000000,120.848,96.692,0,0,0,0,44.647,43.583,1.927
195.000000,96.607,77.621,0,0,0,0,41.134,37.828,2.095
196.000000,139.493,113.204,0,0,0,0,59.488,54.583,2.511
197.000000,134.866,107.465,0,0,0,0,56.571,57.397,2.577
198.000000,136.33,108.796,0,0,0,0,59.655,56.554,2.496
199.000000,142.466,114.015,0,0,0,0,62.933,58.827,2.613
200.000000,145.661,116.619,0,0,0,0,67.024,58.761,2.907
201.000000,143.172,115.057,0,0,0,0,65.589,56.813,2.522
202.000000,149.828,119.926,0,0,0,0,66.414,61.824,3.109
203.000000,137.563,110.159,0,0,0,0,60.294,55.397,2.959
204.000000,142.974,114.011,0,0,0,0,61.576,56.779,2.49
205.000000,147.67,118.026,0,0,0,0,62.152,58.299,2.571
206.000000,139.389,112.595,0,0,0,0,58.301,58.031,2.132
207.000000,144.171,115.367,0,0,0,0,60.988,59.191,2.623
208.000000,148.475,118.782,0,0,0,0,60.548,59.887,2.93
209.000000,143.856,114.703,0,0,0,0,57.699,57.528,2.944
210.000000,144.881,115.263,0,0,0,0,61.298,59.796,2.838
211.000000,147.504,117.545,0,0,0,0,60.397,62.694,2.659
212.000000,145.873,116.545,0,0,0,0,59.639,61.729,2.744
213.000000,147.397,117.2,0,0,0,0,58.568,61.116,2.878
214.000000,149.593,120.288,0,0,0,0,63.426,62.905,2.945
215.000000,147.282,117.548,0,0,0,0,60.998,63.699,2.416
216.000000,151.26,120.298,0,0,55.219,0,29.071,31.416,2
217.000000,157.107,125.304,0,0,105.23,0,0,0.671,3.063
218.000000,147.417,117.45,0,0,98.998,0,0,0.42,2.909
219.000000,137.971,109.807,0,0,92.896,0,0,0.196,2.756
220.000000,145.01,115.285,0,0,97.888,0,0,0,2.931
221.000000,143.487,113.963,0,0,89.877,0,0,0.976,3.001
222.000000,154.941,122.99,0,0,91.68,0,0,0.244,2.628
223.000000,159.435,126.757,0,0,89.898,0,0,0.086,3.318
224.000000,152.503,121.771,0,0,96.595,0,0,0.198,2.351
225.000000,148.237,118.018,0,0,89.85,0,0.854,0.78,2.961
226.000000,148.989,118.817,0,0,52.95,0,22.227,23.209,2.165
227.000000,154.551,123.358,0,0,60.24,0,20.551,20.414,3.198
228.000000,155.707,124.226,0,0,61.414,0,20.032,19.556,2.378
229.000000,155.765,123.851,0,0,67.175,0,15.063,16.657,3.082
230.000000,147.707,117.887,0,0,63.277,0,21.468,22.46,2.591
231.000000,150.732,120.399,0,0,60.207,0,23.054,24.069,2.742
232.000000,153.011,121.945,0,0,59.627,0,22.323,28.331,2.429
233.000000,154.987,123.686,0,0,64.576,0,20.793,25.417,3.281
234.000000,157.636,125.711,0,0,71.848,0,18.575,22.201,3.081
235.000000,152.905,122.105,0,0,71.11,0,18.251,20.065,2.639
236.000000,154.847,123.609,0,0,71.933,0,20.66,20.639,2.893
237.000000,156.675,124.422,0,0,83.049,0,14.331,14.403,2.91
238.000000,160.848,124.734,0,0,93.767,0,6.023,5.356,2.15
239.000000,165.161,132.05,0,0,97.427,0,0,0,2.088
240.000000,166.189,132.834,0,0,89.138,0,0,0,2.961
241.000000,162.645,129.777,0,0,86.108,0,0,0.027,3.122
242.000000,158.187,126.431,0,0,87.087,0,0,0,2.917
243.000000,156.921,125.355,0,0,87.603,0,0,0,2.646
244.000000,152.486,122.667,0,0,93.286,0,0,0,2.693
245.000000,155.435,124.811,0,0,92.843,0,0,0,2.729
246.000000,157.5,125.805,0,0,97.179,0,0,0,2.742
247.000000,181.082,144.663,0,0,62.556,0,0,0,2.485
248.000000,214.947,171.729,0,0,0,0,0,0,3.735
249.000000,210.688,167.88,0,0,0,0,0,0,3.626
250.000000,169.063,135.271,0,0,0,0,0,0,2.923
251.000000,166.915,134.109,0,0,0,0,0,0,2.886
252.000000,163.192,130.42,0,0,0,0,0,0,2.813
253.000000,206.152,82.699,0,0,0,0,0,0,3.546
254.000000,210.071,84.048,0,0,0,0,0,0,3.607
255.000000,182.642,73.607,0,0,0,0,0,0,3.131
256.000000,176.556,23.199,0,0,0,0,0,0,3.036
257.000000,81.819,163.639,0,0,0,0,0,0,4.233
258.000000,0.398,218.889,0,0,0,0,0,0,4.655
259.000000,0,164.662,0,0,0,0,0,0,3.502
260.000000,0,150.366,0,0,0,0,0,0,3.198
261.000000,0,130.244,0,0,0,0,0,0,5.434
262.000000,0,134.768,0,0,0,0,0,0,5.825
263.000000,0,103.33,0,0,0,0,0,0,4.458
264.000000,0,66.498,0,0,0,0,0,0,4.111
265.000000,0,63.649,0,0,0,0,0,0,3.743
266.000000,0.037,52.883,0,0,0,0,0,0,3.112
267.000000,0,48.248,0,0,0,0,0,0,2.837
268.000000,0,51.213,0,0,0,0,0,0,3.175
269.000000,0.872,40.765,0,0,0,0,0,0,2.574
270.000000,0,53.547,0,0,0,0,0,0,3.345
271.000000,0,37.987,0,0,0,0,0,0,2.373
272.000000,0,46.248,0,0,0,0,0,0,2.889
273.000000,0,45.721,0,0,0,0,0,0,2.798
274.000000,0,43.15,0,0,0,0,0,0,2.537
275.000000,0,40.72,0,0,0,0,0,0,2.394
276.000000,0,48.461,0,0,0,0,0,0,2.849
277.000000,0,48.405,0,0,0,0,0,0,2.846
278.000000,0,48.968,0,0,0,0,0,0,2.879
279.000000,0,48.455,0,0,0,0,0,0,2.849
280.000000,0,55.978,0,0,0,0,0,0,3.461
281.000000,0,57.433,0,0,0,0,0,0,3.827
282.000000,0,51.154,0,0,0,0,0,0,3.409
283.000000,0,35.268,0,0,0,0,0,0,2.232
284.000000,0,28.975,0,0,0,0,0,0,1.742
285.000000,0,60.267,0,0,0,0,0,0,3.765
286.000000,0,78.182,0,0,1.245,0,0,0,4.975
287.000000,0,28.561,0,0,0,0,0,0,1.784
288.000000,0,19.819,0,0,0,0,0,0,1.238
289.000000,0,44.142,0,0,0,0,0,0,2.758
290.000000,0,53.21,0,0,0,0,0,0,3.324
291.000000,0,43.903,0,0,0,0,0,0,2.743
292.000000,0,40.522,0,0,0.106,0,0,0,2.426
293.000000,0,45.647,0,0,0,0,0,0,2.852
294.000000,0,49.329,0,0,0,0,0,0,3.082
295.000000,0,56.289,0,0,0,0,0,0,3.516
296.000000,0,51.274,0,0,0,0,0,0,3.203
297.000000,0,50.104,0,0,0,0,0,0,3.197
298.000000,0,49.954,0,0,0,0,0,0,3.329
299.000000,0,45.955,0,0,0,0,0,0,3.062
300.000000,0,38.084,0,0,0,0,0,0,2.538
301.000000,0,37.486,0,0,0,0,0,0,2.676
302.000000,0,39.59,0,0,0,0,0,0,2.826
303.000000,0,40.146,0,0,0,0,0,0,2.866
304.000000,0,44.777,0,0,0,0,0,0,3.197
305.000000,0,45.905,0,0,0,0,0,0,3.277
306.000000,0,56.304,0,0,0,0,0,0,4.02
307.000000,9.745,22.468,0,0,0,0,0,0,1.84
308.000000,0,24.07,0,0,0,0,0,0,1.718
309.000000,0,31.94,0,0,0,0,0,0,2.28
310.000000,0,48.633,0,0,0,0,0,0,3.472
311.000000,0,37.932,0,0,0,0,0,0,2.708
312.000000,0.093,35.286,0,0,0,0,0,0,2.518
313.000000,0.035,40.162,0,0,0,0,0,0,2.87
314.000000,0,40.427,0,0,0,0,0,0,2.886
315.000000,0.064,36.398,0,0,0,0,0,0,2.603
316.000000,0.063,36.707,0,0,0,0,0,0,2.625
317.000000,0,42.468,0,0,0,0,0,0,3.032
318.000000,0,49.117,0,0,0,0,0,0,3.507
319.000000,0,49.237,0,0,0,0,0,0,3.515
320.000000,0,44.381,0,0,0,0,0,0,3.168
321.000000,0,17.28,0,0,0,0,0,0,1.234
322.000000,0,35.215,0,0,0,0,0,0,2.514
323.000000,0,47.587,0,0,0,0,0,0,3.397
324.000000,0,37.672,0,0,0,0,0,0,2.69
325.000000,0,33.179,0,0,0,0,0,0,2.376
326.000000,0.032,36.761,0,0,0,0,0,0,2.627
327.000000,0.041,46.211,0,0,0,0,0,0,3.302
328.000000,0,49.253,0,0,0,0,0,0,3.516
329.000000,0.073,41.469,0,0,0,0,0,0,2.966
330.000000,0,50.292,0,0,0,0,0,0,3.59
331.000000,0,39.44,0,0,0,0,0,0,2.816
332.000000,0.041,23.186,0,0,0,0,0,0,1.658
333.000000,0.034,38.267,0,0,0,0,0,0,2.734
334.000000,0,41.176,0,0,0,0,0,0,2.94
335.000000,0,35.354,0,0,0,0,0,0,2.524
336.000000,0,38.655,0,0,0,0,0,0,2.76
337.000000,0,34.819,0,0,0,0,0,0,2.486
338.000000,0.033,37.575,0,0,0,0,0,0,2.685
339.000000,0,36.916,0,0,0,0,0,0,2.636
340.000000,0,35.081,0,0,0,0,0,0,2.505
341.000000,0,34.282,0,0,0,0,0,0,2.448
342.000000,0,39.385,0,0,0,0,0,0,2.812
343.000000,0,43.213,0,0,0,0,0,0,3.085
344.000000,0,46.738,0,0,0,0,0,0,3.34
345.000000,0,33.334,0,0,0,0,0,0,2.384
346.000000,0,30.076,0,0,0,0,0,0,2.154
347.000000,0,37.234,0,0,0,0,0,0,2.658
348.000000,0,48.822,0,0,0,0,0,0,3.485
349.000000,0,41.989,0,0,0,0,0,0,2.962
350.000000,0,41.908,0,0,0,0,0,0,2.992
351.000000,0,43.999,0,0,0,0,0,0,3.141
352.000000,0,35.952,0,0,0,0,0,0,2.567
353.000000,0,35.002,0,0,0,0,0,0,2.491
354.000000,0,40.07,0,0,0,0,0,0,2.861
355.000000,0,37.616,0,0,0,0,0,0,2.685
356.000000,0,32.707,0,0,0,0,0,0,2.335
357.000000,0,46.29,0,0,0,0,0,0,3.315
358.000000,0.028,31.209,0,0,0,0,0,0,2.23
359.000000,0,33.622,0,0,0,0,0,0,2.4
360.000000,0,42.787,0,0,0,0,0,0,3.055
361.000000,0,44.367,0,0,0,0,0,0,3.167
362.000000,0,46.767,0,0,0,0,0,0,3.339
363.000000,0,57.424,0,0,0,0,0,0,4.1
364.000000,0,123.389,0,0,0,0,0,0,8.809
365.000000,0,86.774,0,0,0,0,0,0,6.195
366.000000,0,14.371,0,0,0,0,0,0,1.026
367.000000,0,14.371,0,0,0,0,0,0,1.026
368.000000,0,14.371,0,0,0,0,0,0,1.026
369.000000,0,24.702,0,0,0,0,0,0,1.764
370.000000,0,33.512,0,0,0,0,0,0,2.392
371.000000,0,33.055,0,0,0,0,0,0,2.36
372.000000,0,40.566,0,0,0,0,0,0,2.905
373.000000,0.032,35.933,0,0,0,0,0,0,2.568
374.000000,0,36.824,0,0,0,0,0,0,2.629
375.000000,0,33.095,0,0,0,0,0,0,2.363
376.000000,0,36.461,0,0,0,0,0,0,2.603
377.000000,0,40.328,0,0,0,0,0,0,2.879
378.000000,0.023,26.231,0,0,0,0,0,0,1.874
379.000000,0,29.282,0,0,0,0,0,0,2.09
380.000000,0,37.999,0,0,0,0,0,0,2.713
381.000000,0,52.814,0,0,0,0,0,0,3.771
382.000000,0,43.337,0,0,0,0,0,0,3.094
383.000000,0.24,36.846,0,0,0,0,0,0,2.64
384.000000,0.039,44.677,0,0,0,0,0,0,3.192
385.000000,0.032,36.123,0,0,0,0,0,0,2.581
386.000000,0,32.711,0,0,0,0,0,0,2.335
387.000000,0,34.319,0,0,0,0,0,0,2.45
388.000000,0,48.693,0,0,0,0,0,0,3.476
389.000000,0.049,39.732,0,0,0,0,0,0,2.84
390.000000,0.056,31.632,0,0,0,0,0,0,2.262
391.000000,0,35.132,0,0,0,0,0,0,2.516
392.000000,0,46.935,0,0,0,0,0,0,3.351
393.000000,0,45.353,0,0,0,0,0,0,3.238
394.000000,0.07,33.85,0,0,0,0,0,0,2.422
395.000000,0.028,32.193,0,0,0,0,0,0,2.447
396.000000,0,44.622,0,0,0,0,0,0,3.244
397.000000,0,45.412,0,0,0,0,0,0,3.261
398.000000,0,33.555,0,0,0,0,0,0,2.424
399.000000,0.09,34.859,0,0,0,0,0,0,2.495
400.000000,0,32.072,0,0,0,0,0,0,2.29
401.000000,0,30.68,0,0,0,0,0,0,2.184
402.000000,0,38.92,0,0,0,0,0,0,2.779
403.000000,0.031,37.625,0,0,0,0,0,0,2.573
404.000000,0,41.923,0,0,0,0,0,0,2.993
405.000000,0,40.244,0,0,0,0,0,0,2.873
406.000000,0,35.055,0,0,0,0,0,0,2.503
407.000000,0,35.067,0,0,0,0,0,0,2.504
408.000000,0.041,47.181,0,0,0,0,0,0,3.371
409.000000,0,40.503,0,0,0,0,0,0,2.892
410.000000,0,38.445,0,0,0,0,0,0,2.745
411.000000,0,38.359,0,0,0,0,0,0,2.739
412.000000,0,39.703,0,0,0,0,0,0,2.834
413.000000,0,35.139,0,0,0,0,0,0,2.509
414.000000,0.098,37.821,0,0,0,0,0,0,2.699
415.000000,0,44.891,0,0,0,0,0,0,3.205
416.000000,0,43.242,0,0,0,0,0,0,3.087
417.000000,0,36.601,0,0,0,0,0,0,2.613
418.000000,0.045,52.039,0,0,0,0,0,0,3.718
419.000000,0.199,157.763,0,0,0,0,0,0,11.277
420.000000,0,170.094,0,0,0,0,0,0,12.143
421.000000,0,170.094,0,0,0,0,0,0,12.143
422.000000,0,170.094,0,0,0,0,0,0,12.143
423.000000,0,170.094,0,0,0,0,0,0,12.143
424.000000,0,170.094,0,0,0,0,0,0,12.143
425.000000,0,170.094,0,0,0,0,0,0,12.143
426.000000,86.16,0,0,0,0,0,0,0,1.561
427.000000,150.785,0,0,0,0,0,0,0,2.728
428.000000,151.397,0,0,0,0,0,0,0,2.749
429.000000,148.477,0,0,0,0,0,0,0,2.692
430.000000,154.926,0,0,0,0,0,0,0,2.939
431.000000,163.412,0,0,0,0,0,0,0,2.943
432.000000,162.439,0,0,0,0,0,0,0,2.925
433.000000,152.722,0,0,0,0,0,0,0,2.835
434.000000,98.187,51.657,0,0,0,0,0,0,4.656
435.000000,0.121,150.935,0,0,0,0,0,0,10.094
436.000000,0.748,140.992,0,0,0,0,0,0,9.367
437.000000,53.55,21.378,0,0,0,0,0,0,0.958
438.000000,37.588,15.292,0,0,0,0,0,0,0.659
439.000000,101.254,41.55,0,0,0,0,0,0,1.792
440.000000,172.61,71.583,0,0,0,0,0,0,3.062
441.000000,174.117,71.522,0,0,0,0,0,0,3.051
442.000000,299.458,122.549,0,0,0,0,0,0,5.264
443.000000,237.761,97.873,0,0,0,0,0,0,4.178
444.000000,66.388,53.468,0,0,0,0,0,0,1.143
445.000000,81.577,65.708,0,0,0,0,0,0,1.407
446.000000,119.019,95.658,0,0,0,0,0,0,2.044
447.000000,155.846,124.906,0,0,0,0,0,0,2.674
448.000000,160.339,128.435,0,0,0,0,0,0,2.746
449.000000,159.949,128.469,0,0,0,0,0,0,2.742
450.000000,157.241,126.114,0,0,0,0,0,0,2.697
451.000000,165.237,132.828,0,0,0,0,0,0,2.829
452.000000,208.481,152.782,0,0,13.075,0,0,0,3.416
453.000000,183.313,129.67,0,0,46.709,0,0,0,3.138
454.000000,123.33,98.76,0,0,68.895,0,0,0,2.375
455.000000,144.442,111.018,0,0,85.798,0,0,0,2.275
456.000000,194.126,155.823,0,0,120.186,0,0,0,3.306
457.000000,251.051,202.646,0,0,161.057,0,0,0,5.031
458.000000,165.006,132.994,0,0,106.141,0,0,0,2.714
459.000000,116.087,93.065,0,0,76.971,0,0,0,2.167
460.000000,110.704,88.673,0,0,82.156,0,0,0,1.886
461.000000,114.943,92.284,0,0,136.577,0,0,0,2.036
462.000000,110.428,88.647,0,0,161.368,0,0,0,1.473
463.000000,123.488,99.074,0,0,177.093,0,0,0,1.994
464.000000,155.047,124.205,0,0,223.331,0,0,0,2.831
465.000000,162.486,130.142,0,12.037,205.136,13.377,0,0,2.712
466.000000,170.412,136.336,0,32.755,174.305,31.911,0,0,2.587
467.000000,179.031,147.139,0,46.837,168.514,45.784,0,0,2.533
468.000000,186.515,154.307,0,55.381,160.082,53.18,0,0,3.429
469.000000,201.35,166.239,0,73.519,136.082,75.447,0,0,3.118
470.000000,193.206,158.737,0,73.605,129.671,71.227,0,0,3.537
471.000000,159.902,131.336,0,70.903,86.044,71.24,0,0,3.14
472.000000,155.387,128.264,0,78.995,74.518,73.209,0,0,2.416
473.000000,155.088,128.289,0,86.464,64.818,77.606,0,0,2.983
474.000000,167.902,137.398,0,96.761,47.224,96.094,0,0,3.171
475.000000,175.092,143.348,0,101.247,48.451,97.42,0,0,2.68
476.000000,177.135,145.043,0,102.133,51.785,96.927,0,0,3.336
477.000000,181.867,149.111,0,105.069,50.182,104.303,0,0,2.789
478.000000,201.22,164.686,0,118.272,50.622,117.027,0,0,3.653
479.000000,223.169,182.846,0,0,226.921,0,0,0,3.605
480.000000,260.926,213.67,0,0,161.653,0,0,0,5.182
481.000000,281.196,230.27,0,0,168.136,0,0,0,9.863
482.000000,221.891,173.058,0,0,164.544,0,0,0,3.737
483.000000,168.759,132.298,0,0,120.445,0,0,0,3.32
484.000000,152.897,119.196,0,0,116.965,0,0,0,2.376
485.000000,85.033,65.507,0,0,65.746,0,0,0,1.633
486.000000,87.314,67.979,0,0,64.823,0,0,0,1.352
487.000000,142.09,112.012,0,0,104.85,0,0,0,2.727
488.000000,169.772,134.32,0,0,122.208,0,0,0,2.37
489.000000,131.104,105.481,0,0,87.945,0,0,0,1.993
490.000000,178.631,137.078,0,0,23.172,0,0,0,3.412
491.000000,28.443,342.952,0,0,0,0,0,0,14.119
492.000000,51.084,259.58,0,0,0,0,0,0,11.904
493.000000,103.148,41.089,0,0,0,0,0,0,1.808
494.000000,22.779,9.094,0,0,0,0,0,0,0.403
495.000000,107.867,35.535,0,0,10.074,0,0,0,2.111
496.000000,162.745,65.134,0,0,0,0,0,0,2.884
497.000000,172.3,68.867,0,0,0,0,0,0,3.059
498.000000,19.434,210.872,0,0,0,0,0,0,9.208
499.000000,18.714,181.338,0,0,0,0,0,0,7.867
500.000000,110.835,44.295,0,0,0,0,0,0,1.988
501.000000,27.857,55.714,0,0,0,0,0,0.045,1.115
502.000000,145.593,58.302,0,0,0,0,0,0,2.732
503.000000,213.417,69.29,0,0,22.459,0,0,0.025,3.582
504.000000,193.552,62.321,0,0,19.567,0,0,0,3.259
505.000000,14.246,171.651,0,0,0,0,0,0,7.935
506.000000,1.331,157.185,0,0,0,0,0,0,7.148
507.000000,93.547,0,0,0,0,0,0,0,1.71
508.000000,57.37,0,0,0,0,0,0,0,1.054
509.000000,153.677,42.219,0,0,21.04,0,0,0,4.173
510.000000,161.133,63.862,0,0,0,0,0,0,5.905
511.000000,0,95.906,0,0,0,0,0,0,4.52
512.000000,0,63.854,0,0,0,0,0,0,3.039
513.000000,0.023,8.181,0,0,0,0,0,0,0.388
514.000000,0,24.129,0,0,0,0,0,0,1.48
515.000000,1.932,40.114,0,0,0,0,0,0,1.119
516.000000,0,50.482,0,0,0,0,0,0,1.174
517.000000,0,70.186,0,0,0,0,0,0,1.652
518.000000,0,109.557,0,0,0,0,0,0,5.214
519.000000,0,147.037,0,0,0,0,0,0,6.998
520.000000,0,161.382,0,0,0,0,0,0,7.681
521.000000,62.425,75.26,0,0,0,0,0,0,2.032
522.000000,8.783,17.566,0,0,1.58,0,0.433,0,0.311
523.000000,73.639,32.767,0,0,42.281,0,0.939,0,1.58
524.000000,173.774,138.656,0,0,0.825,0,0,0,3.297
525.000000,101.08,60.059,0,0,34.435,0,0,0,2.173
526.000000,96.545,39.067,0,0,59.949,0,0,0,2.369
527.000000,137.359,96.869,0,0,18.701,0,0,0,2.702
528.000000,89.336,178.672,0,0,0,0,0,0,2.831
529.000000,81.803,163.606,0,0,0,0,0,0,2.601
530.000000,76.505,153.01,0,0,66.158,0,0,0,2.639
531.000000,168.355,119.58,0,0,25.049,0,0,0,3.338
532.000000,159.685,127.34,0,0,0,0,0,0,3.053
533.000000,168.419,67.678,0,0,0,0,0,0,3.221
534.000000,185.31,73.913,0,0,0,0,0,0,3.551
535.000000,169.754,84.723,0,0,0.273,0,0,0,3.269
536.000000,115.655,92.61,0,0,32.351,0,0,0,2.402
537.000000,81.305,65.077,0,0,23.053,0,0,0,1.428
538.000000,123.347,98.536,0,0,0.494,0,0,0,2.47
539.000000,150.402,108.299,0,0,17.353,0,0,0,2.829
540.000000,151.058,103.014,0,0,22.962,0,0,0,3.455
541.000000,150.481,104.845,0,0,24.049,0,0,0,2.864
542.000000,147.483,118.853,0,0,0.354,0,0,0,2.833
543.000000,108.891,74.183,0,0,61.84,0,0,0,1.903
544.000000,122.057,97.852,0,0,55.269,0,0,0,2.342
545.000000,160.137,118.624,0,0,0,0,0,0,3.111
546.000000,180.121,111.11,0,0,0,0,0,0,3.559
547.000000,178.323,62.618,0,0,13.41,0,0,0,3.614
548.000000,120.8,46.716,0,0,58.855,0,0,0,2.065
549.000000,117.259,60.012,0,0,47.161,0,0,0,2.561
550.000000,122.38,84.676,0,0,27.069,0,0,0,2.348
551.000000,159.782,82.924,0,0,0,0,0,0,3.159
552.000000,179.233,60.239,0,0,13.622,0,0,0,3.782
553.000000,163.794,65.105,0,0,0,0,0,0,3.272
554.000000,136.108,54.149,0,0,0,0,0,0,2.723
555.000000,137.676,54.843,0,0,0,0,0,0,2.749
556.000000,110.407,77.394,0,0,0.354,0,0,0,2.125
557.000000,74.588,60.14,0,0,41.462,0,0,0,1.484
558.000000,88.368,70.493,0,0,55.406,0,0,0,1.752
559.000000,123.321,98.353,0,0,76.1,0,0,0,1.95
560.000000,137.036,109.941,0,0,90.987,0,0,0,2.863
561.000000,146.104,117.077,0,0,95.295,0,0,0,3.144
562.000000,145.871,116.316,0,0,94.613,0,0,0,2.649
563.000000,153.103,121.221,0,0,95.283,0,0,0,3.002
564.000000,154.745,123.144,0,0,96.72,0,0,0,2.797
565.000000,165.118,132.147,0,0,43.136,0,0,0,3.136
566.000000,190.793,152.974,0,0,0,0,0,0,3.615
567.000000,165.391,134.245,0,0,59.713,0,0,0,2.898
568.000000,106.683,86.553,0,0,65.199,0,0,0,2.539
569.000000,119.946,97.106,0,0,70.796,0,0,0,2.85
570.000000,141.133,112.921,0,0,87.191,0,0,0,2.99
571.000000,145.874,116.129,0,0,94.253,0,0,0,2.851
572.000000,148.659,119.124,0,0,97.339,0,0,0,2.563
573.000000,146.909,118.039,0,0,96.76,0,0,0,3.471
574.000000,151.926,121.508,0,0,93.32,0,0,0,2.852
575.000000,179.624,142.929,0,0,47.055,0,0,0,3.219
576.000000,181.678,144.697,0,0,40.937,0,0,0,3.104
577.000000,139.132,110.566,0,0,83.122,0,0,0,2.91
578.000000,128.079,101.822,0,0,75.939,0,0,0,2.174
579.000000,139.923,111.431,0,0,83.925,0,0,0,1.944
580.000000,153.951,123.086,0,0,92.144,0,0,0,2.848
581.000000,152.32,121.187,0,0,87.222,0,0,0,2.808
582.000000,163.358,105.567,0,0,95.002,0,0,0,2.912
583.000000,165.762,104.936,0,0,97.067,0,0,0,2.723
584.000000,162.331,106.562,0,0,84.32,0,0,0,3.437
585.000000,146.169,98.363,0,0,85.662,0,0,0,3.315
586.000000,145.212,95.059,0,0,93.679,0,0,0,3.48
587.000000,142.555,98.296,0,0,89.734,0,0,0,2.596
588.000000,150.717,103.957,0,0,88.704,0,0,0,3.432
589.000000,157.791,108.856,0,0,91.387,0,0,0,2.147
590.000000,158.4,108.894,0,0,91.479,0,0,0,2.738
591.000000,178.259,122.205,0,0,56.297,0,0,0,2.267
592.000000,174.556,120.244,0,0,53.618,0,0,0,3.941
593.000000,165.421,113.523,0,0,52.719,0,0,0,1.979
594.000000,165.929,114.329,0,0,50.576,0,0,0,2.236
595.000000,154.262,106.767,0,0,44.156,0,0,0,2.086
596.000000,179.216,124.559,0,0,0,0,0,0,3.236
597.000000,181.388,125.657,0,0,0,0,0,0,3.256
598.000000,167.164,115.437,0,0,0,0,0,0,2.989
599.000000,156.064,107.239,0,0,0,0,0,0,2.783
600.000000,156.479,107.726,0,0,0,0,0,0,2.792
601.000000,156.202,111.828,0,0,0.83,0,0,0,2.842
602.000000,152.176,115.321,0,0,0,0,0,0,2.823
603.000000,152.067,114.203,0,0,0,0,0,0,2.79
604.000000,153.42,115.667,0,0,0,0,0,0,2.82
605.000000,151.152,117.518,0,0,0,0,0,0,3.118
606.000000,153.746,116.146,0,0,0,0,0,0,3.124
607.000000,146.443,111.292,0,0,0,0,0,0,2.984
608.000000,137.79,104.748,0,0,0,0,0,0,2.802
609.000000,140.63,106.972,0,0,0,0,0,0,2.862
610.000000,133.514,107.905,0,0,0,0,0,0,2.884
611.000000,135.338,109.376,0,0,0,0,0,0,2.91
612.000000,132.675,107.33,0,0,0,0,0,0,2.843
613.000000,129.68,105.001,0,0,0,0,0,0,2.78
614.000000,131.894,106.702,0,0,0,0,0,0,2.828
615.000000,137.108,104.625,0,0,0,0,0,0,2.93
616.000000,167.152,71.056,0,0,0,0,0,0,2.927
617.000000,169.369,68.733,0,0,0,0,0,0,2.953
618.000000,174.907,56.327,0,0,0,0,0,0,3.999
619.000000,171.591,54.986,0,0,0,0,0,0,3.916
620.000000,146.21,45.879,0,0,0,0,0,0,3.336
621.000000,0,165.131,0,0,0,0,0,0,3.524
622.000000,0,166.215,0,0,0,0,0,0,3.547
623.000000,0,168.27,0,0,0,0,0,0,3.582
624.000000,0,126.787,0,0,0,0,0,0,2.708
625.000000,0,110.541,0,0,0,0,0,0,4.778
626.000000,0,130.509,0,0,0,0,0,0,5.682
627.000000,0,100.199,0,0,0,0,0,0,4.323
628.000000,0,65.849,0,0,0,0,0,0,2.851
629.000000,0,65.013,0,0,0,0,0,0,4.332
630.000000,0,65.846,0,0,0,0,0,0,4.388
631.000000,0,55.938,0,0,0,0,0,0,3.727
632.000000,0,47.49,0,0,0,0,0,0,3.165
633.000000,0,42.236,0,0,0,0,0,0,2.814
634.000000,0,40.327,0,0,0,0,0,0,2.687
635.000000,0.137,42.328,0,0,0,0,0,0,2.822
636.000000,0,43.784,0,0,0,0,0,0,2.918
637.000000,0,44.946,0,0,0,0,0,0,2.995
638.000000,0,42.291,0,0,0,0,0,0,2.818
639.000000,0,39.823,0,0,0,0,0,0,2.654
640.000000,0,42.794,0,0,0,0,0,0,2.852
641.000000,0,42.519,0,0,0,0,0,0,2.833
642.000000,0,36.379,0,0,0,0,0,0,2.424
643.000000,0,45.129,0,0,0,0,0,0,3.007
644.000000,0,46.611,0,0,0,0,0,0,3.106
645.000000,0,44.459,0,0,0,0,0,0,2.963
646.000000,0,39.803,0,0,0,0,0,0,2.652
647.000000,0,44.515,0,0,0,0,0,0,2.966
648.000000,0,41.075,0,0,0,0,0,0,2.737
649.000000,0,42.871,0,0,0,0,0,0,2.857
650.000000,0.035,44.087,0,0,0,0,0,0,2.94
651.000000,0,42.346,0,0,0,0,0,0,2.822
652.000000,0,43.016,0,0,0,0,0,0,2.866
653.000000,0,48.381,0,0,0,0,0,0,3.224
654.000000,0,50.1,0,0,0,0,0,0,3.338
655.000000,0,55.42,0,0,0,0,0,0,3.693
656.000000,0,62.929,0,0,0,0,0,0,4.193
657.000000,0,36.393,0,0,0,0,0,0,2.425
658.000000,0,12.794,0,0,0,0,0,0,0.852
659.000000,0,30.131,0,0,0,0,0,0,2.008
660.000000,0,53.24,0,0,0,0,0,0,3.548
661.000000,0,54.374,0,0,0,0,0,0,3.623
662.000000,0,30.158,0,0,0,0,0,0,2.01
663.000000,0.06,37.617,0,0,0,0,0,0,2.504
664.000000,0,43.512,0,0,0,0,0,0,2.875
665.000000,0,39.673,0,0,0,0,0,0,2.644
666.000000,0,43.334,0,0,0,0,0,0,2.888
667.000000,0,49.342,0,0,0,0,0,0,3.288
668.000000,0,69.315,0,0,0,0,0,0,4.593
669.000000,0,88.692,0,0,0,0,0,0,6.072
670.000000,0,37.211,0,0,0,0,0,0,2.48
671.000000,0,37.211,0,0,0,0,0,0,2.48
672.000000,0,37.211,0,0,0,0,0,0,2.48
673.000000,0,37.211,0,0,0,0,0,0,2.48
674.000000,0,28.971,0,0,0,0,0,0,1.931
675.000000,0,35.026,0,0,0,0,0,0,2.334
676.000000,0,38.679,0,0,0,0,0,0,2.577
677.000000,0,38.809,0,0,0,0,0,0,2.586
678.000000,0,46.445,0,0,0,0,0,0,3.011
679.000000,0,53.154,0,0,0,0,0,0,3.542
680.000000,0,39.983,0,0,0,0,0,0,2.664
681.000000,0,34.883,0,0,0,0,0,0,2.324
682.000000,0,39.514,0,0,0,0,0,0,2.633
683.000000,0,40.606,0,0,0,0,0,0,2.706
684.000000,0,44.116,0,0,0,0,0,0,2.94
685.000000,0,44.89,0,0,0,0,0,0,2.991
686.000000,0,46.045,0,0,0,0,0,0,3.068
687.000000,0,40.383,0,0,0,0,0,0,2.691
688.000000,0,39.716,0,0,0,0,0,0,2.647
689.000000,0.388,54.087,0,0,0,0,0,0,3.6
690.000000,0,65.575,0,0,0,0,0,0,4.358
691.000000,0,79.692,0,0,0,0,0,0,5.31
692.000000,0,98.68,0,0,0,0,0,0,6.576
693.000000,0,39.339,0,0,0,0,0,0,2.621
694.000000,0,0.519,0,0,0,0,0,0,0.035
695.000000,0,34.118,0,0,0,0,0,0,2.273
696.000000,0.039,48.878,0,0,0,0,0,0,3.26
697.000000,0,21.672,0,0,0,0,0,0,1.444
698.000000,0,24.131,0,0,0,0,0,0,1.608
699.000000,0,36.455,0,0,0,0,0,0,2.429
700.000000,0,49.692,0,0,0,0,0,0,3.311
701.000000,0,94.026,0,0,0,0,0,0,6.265
702.000000,0,114.673,0,0,0,0,0,0,7.641
703.000000,0,126.755,0,0,0,0,0,0,8.446
704.000000,0,109.782,0,0,0,0,0,0,7.315
705.000000,0,109.782,0,0,0,0,0,0,7.315
706.000000,0,28.58,0,0,0,0,0,0,1.899
707.000000,0,45.257,0,0,0,0,0,0,3.016
708.000000,0,45.257,0,0,0,0,0,0,3.016
709.000000,0,0.172,0,0,0,0,0,0,0.011
710.000000,0,5.514,0,0,0,0,0,0,0.367
711.000000,0,16.605,0,0,0,0,0,0,1.107
712.000000,0,26.806,0,0,0,0,0,0,1.786
713.000000,9.893,21.1,0,0,0,0,0,0,1.49
714.000000,0,22.068,0,0,0,0,0,0,1.47
715.000000,0,28.815,0,0,0,0,0,0,1.92
716.000000,0,45.616,0,0,0,0,0,0,3.04
717.000000,0.15,43.353,0,0,0,0,0,0,2.891
718.000000,0,34.454,0,0,0,0,0,0,2.296
719.000000,0,26.536,0,0,0,0,0,0,1.768
720.000000,0,41.314,0,0,0,0,0,0,2.753
721.000000,0,38.27,0,0,0,0,0,0,2.55
722.000000,0,34.356,0,0,0,0,0,0,2.289
723.000000,0,41.147,0,0,0,0,0,0,2.742
724.000000,0,39.827,0,0,0,0,0,0,2.647
725.000000,0,45.998,0,0,0,0,0,0,3.065
726.000000,0,46.615,0,0,0,0,0,0,3.106
727.000000,0,32.887,0,0,0,0,0,0,2.191
728.000000,0,40.686,0,0,0,0,0,0,2.711
729.000000,0,46.062,0,0,0,0,0,0,3.069
730.000000,0,35.537,0,0,0,0,0,0,2.368
731.000000,0,42.077,0,0,0,0,0,0,2.804
732.000000,0,42.557,0,0,0,0,0,0,2.836
733.000000,0,39.902,0,0,0,0,0,0,2.659
734.000000,0,37.727,0,0,0,0,0,0,2.514
735.000000,0,35.213,0,0,0,0,0,0,2.34
736.000000,0,37.788,0,0,0,0,0,0,2.518
737.000000,0,52.867,0,0,0,0,0,0,3.523
738.000000,52.134,6.329,0,0,0,0,0,0,1.325
739.000000,56.803,0,0,0,0,0,0,0,1.014
740.000000,74.002,0.324,0,0,0.335,0,0,0,1.285
741.000000,154.006,0,0,0,0,0,0,0,2.744
742.000000,176.647,0,0,0,0,0,0,0,3.143
743.000000,161.692,0,0,0,0,0,0,0,2.877
744.000000,126.434,0,0,0,0,0,0,0,2.253
745.000000,132.617,0.024,0,0,0,0,0,0,2.355
746.000000,177.737,0,0,0,0,0,0,0,3.135
747.000000,152.205,0,0,0,0,0,0,0,2.708
748.000000,165.124,0,0,0,0,0,0,0,2.938
749.000000,28.375,130.134,0,0,0,0,0,0,6.456
750.000000,0,149.132,0,0,0,0,0,0,6.564
751.000000,0,116.056,0,0,0,0,0,0,5.175
752.000000,0,65.81,0,0,0,0,0,0,2.897
753.000000,0,60.938,0,0,0,0,0,0,3.184
754.000000,0,64.136,0,0,0,0,0,0,3.374
755.000000,0,62.871,0,0,0,0,0,0,3.307
756.000000,0,64.884,0,0,0,0,0,0,3.413
757.000000,0,73.071,0,0,0,0,0,0,3.844
758.000000,0,76.729,0,0,0,0,0,0,4.036
759.000000,0,61.23,0,0,0,0,0,0,3.214
760.000000,42.253,0.854,0,0,0,0,0,0,1.108
761.000000,52.651,0,0,0,0,0,0,0,1.322
762.000000,76.613,0,0,0,0,0,0,0,1.928
763.000000,10.082,95.665,0,0,0,0,0,0,6.606
764.000000,0,110.039,0,0,0,0,0,0,7.292
765.000000,0,81.363,0,0,0,0,0,0,5.422
766.000000,0,41.48,0,0,0,0,0,0,2.756
767.000000,0,42.32,0,0,0,0,0,0,2.82
768.000000,0,50.83,0,0,0,0,0,0,3.387
769.000000,0,40.377,0,0,0,0,0,0,2.69
770.000000,0,31.938,0,0,0,0,0,0,2.122
771.000000,0,35.612,0,0,0,0,0,0,2.373
772.000000,0,47.165,0,0,0,0,0,0,3.143
773.000000,0,41.704,0,0,0,0,0,0,2.771
774.000000,0,32.793,0,0,0,0,0,0,2.185
775.000000,0,42.338,0,0,0,0,0,0,2.813
776.000000,0,36.438,0,0,0,0,0,0,2.421
777.000000,0,44.83,0,0,0,0,0,0,2.987
778.000000,0,66.079,0,0,0,0,0,0,4.403
779.000000,0,41.556,0,0,0,0,0,0,2.769
780.000000,0,48.168,0,0,0,0,0,0,3.21
781.000000,0,45.624,0,0,0,0,0,0,3.023
782.000000,0,36.637,0,0,0,0,0,0,2.248
783.000000,0.173,42.085,0,0,0,0,0,0,2.725
784.000000,0,42.102,0,0,0,0,0,0,2.806
785.000000,0,43.567,0,0,0,0,0,0,2.903
786.000000,0,47.55,0,0,0,0,0,0,3.168
787.000000,0,36.385,0,0,0,0,0,0,2.424
788.000000,0,41.573,0,0,0,0,0,0,2.747
789.000000,0,40.688,0,0,0,0,0,0,2.704
790.000000,0,40.681,0,0,0,0,0,0,2.711
791.000000,0,45.29,0,0,0,0,0,0,3.018
792.000000,0,57.383,0,0,0,0,0,0,3.824
793.000000,0,53.411,0,0,0,0,0,0,3.559
794.000000,0,70.698,0,0,0,0,0,0,4.698
795.000000,0,58.61,0,0,0,0,0,0,3.905
796.000000,0,20.281,0,0,0,0,0,0,1.351
797.000000,0,38.606,0,0,0,0,0,0,2.572
798.000000,0,49.047,0,0,0,0,0,0,3.268
799.000000,0,37.827,0,0,0,0,0,0,2.521
800.000000,0,38.748,0,0,0,0,0,0,2.582
801.000000,0,34.684,0,0,0,0,0,0,2.311
802.000000,0,38.974,0,0,0,0,0,0,2.597
803.000000,0,54.576,0,0,0,0,0,0,3.637
804.000000,0,53.434,0,0,0,0,0,0,3.561
805.000000,0,63.001,0,0,0,0,0,0,4.152
806.000000,0,69.69,0,0,0,0,0,0,4.605
807.000000,0,81.244,0,0,0,0,0,0,5.384
808.000000,0,65.362,0,0,0,0,0,0,4.355
809.000000,0,8.346,0,0,0,0,0,0,0.555
810.000000,0,22.011,0,0,0,0,0,0,1.467
811.000000,0,40.228,0,0,0,0,0,0,2.681
812.000000,0,69.056,0,0,0,0,0,0,4.602
813.000000,0,37.077,0,0,0,0,0,0,2.477
814.000000,0,22.17,0,0,0,0,0,0,1.477
815.000000,0,23.351,0,0,0,0,0,0,1.547
816.000000,0.207,28.494,0,0,0,0,0,0,1.897
817.000000,0.408,33.575,0,0,0,0,0,0,2.24
818.000000,0,41.421,0,0,0,0,0,0,2.76
819.000000,0,49.214,0,0,0,0,0,0,3.279
820.000000,0,58.821,0,0,0,0,0,0,3.92
821.000000,65.479,10.598,0,0,0,0,0,0,2.449
822.000000,42.37,26.519,0,0,0,0,0,0,0.833
823.000000,48.324,38.558,0,0,0,0,0,0,0.885
824.000000,100.512,80.081,0,0,0,0,0,0,1.835
825.000000,174.963,140.372,0,0,0,0,0,0,3.204
826.000000,161.488,129.855,0,0,0,0,0,0,2.947
827.000000,182.271,146.76,0,0,0,0,0,0,3.343
828.000000,310.566,249.134,0,0,0,0,0,0,5.693
829.000000,69.941,55.916,0,0,0,0,0,0,1.284
830.000000,130.549,104.253,0,0,0,0,0,0,2.396
831.000000,115.02,91.457,0,0,0,0,0,0,2.099
832.000000,128.684,102.404,0,0,0,0,0,0,2.357
833.000000,152.336,121.651,0,0,0,0,0,0,2.801
834.000000,147.601,118.037,0,0,0,0,0,0,2.714
835.000000,154.56,123.594,0,0,0,0,0,0,2.844
836.000000,144.933,115.666,0,0,0,0,0,0,2.662
837.000000,134.716,107.206,0,0,0,0,0,0,2.476
838.000000,138.163,110.014,0,0,0,0,0,0,2.533
839.000000,140.552,112.174,0,0,0,0,0,0,2.578
840.000000,148.17,118.471,0,0,0,0,0,0,2.722
841.000000,157.183,125.636,0,0,0,0,0,0,2.882
842.000000,173.751,138.921,0,0,0,0,0,0,3.183
843.000000,161.961,129.462,0,0,0,0,0,0,2.971
844.000000,147.412,118.777,0,0,0,0,0,0,2.722
845.000000,143.276,114.624,0,0,0,0,0,0,2.631
846.000000,146.629,117.309,0,0,0,0,0,0,2.695
847.000000,153.191,122.516,0,0,0,0,0,0,2.806
848.000000,161.716,129.337,0,0,0,0,0,0,2.961
849.000000,168.48,134.639,0,0,0,0,0,0,3.086
850.000000,165.72,136.247,0,0,0,0,0,0,3.129
851.000000,199.778,160.288,0,0,0,0,0,0,3.688
852.000000,156.725,126.288,0,0,0,0,0,0,2.905
853.000000,118.734,95.052,0,0,0,0,0,0,2.183
854.000000,138.113,110.223,0,0,0,0,0,0,2.534
855.000000,148.426,118.477,0,0,0,0,0,0,2.721
856.000000,153.493,122.54,0,0,0,0,0,0,2.816
857.000000,159.764,127.458,0,0,0,0,0,0,2.933
858.000000,171.864,136.955,0,0,0,0,0,0,3.157
859.000000,239.735,97.633,0,0,0,0,0,0,4.493
860.000000,253.282,100.892,0,0,0,0,0,0,4.717
861.000000,231.9,80.302,0,0,0,0,0,0,4.269
862.000000,275.886,0,0,0,0,0,0,0,5.106
863.000000,249.333,0,0,1.656,0,1.852,0,0,4.676
864.000000,194.76,0,0,0,0,0,0,0,3.633
865.000000,197.229,0,0,8.183,0,7.753,0,0,3.982
866.000000,180.232,0,0,0,0,0,0,0,3.399
867.000000,69.826,0,0,0.949,0,0.959,0,0,1.346
868.000000,35.732,0,0,0,0,0,0,0,0.675
869.000000,74.903,0,0,3.624,0,3.763,0,0,1.605
870.000000,116.862,0,0,0,0,0,0,0,2.206
871.000000,121.893,0,0,0,0,0,0,0,2.295
872.000000,115.48,0.369,0,0,0,0,0,0,2.197
873.000000,0,138.215,0,0,0,0,0,0,3.635
874.000000,0,169.273,0,0,0,0,0,0,4.452
875.000000,0,113.135,0,0,0,0,0,0,2.976
876.000000,0,72.114,0,0,0,0,0,0,1.897
877.000000,0,82.184,0,0,0,0,0,0,2.162
878.000000,0,85.966,0,0,0,0,0,0,2.261
879.000000,0,102.106,0,0,0,0,0,0,2.691
880.000000,0.034,107.802,0,0,0,0,0,0,2.833
881.000000,84.581,34.194,0,0,0,0,0,0,1.628
882.000000,101.347,40.372,0,0,0,0,0,0,1.933
883.000000,91.479,36.413,0,0,0,0,0,0,1.726
884.000000,0.805,187.83,0,0,0,0,0,0,6.53
885.000000,0,192.899,0,0,0,0,0,0,6.736
886.000000,0.055,130.414,0,0,0,0,0,0,4.569
887.000000,78.385,0.281,0,0,0,0,0,0,1.785
888.000000,86.779,0.01,0,0,0,0,0,0,1.953
889.000000,70.752,35.112,0,2.885,0,2.885,0,0,1.412
890.000000,71.716,57.543,0,0,0,0,0,0,1.381
891.000000,93.028,75.571,0,0,0,0,0,0,1.809
892.000000,134.629,108.519,0,0,0,0,0,0,2.6
893.000000,163.638,79.411,0,0,0,0,0,0,3.111
894.000000,81.986,163.972,0,0,0,0,0,0,3.571
895.000000,160.569,76.722,0,0,0,0,0,0,3.677
896.000000,141.123,53.052,0,0,0,0,0,0,3.158
897.000000,179.457,0,0,0,0,0,0,0,3.449
898.000000,157.289,0,0,0,0,0,0,0,3.023
899.000000,100.767,31.674,0,0,0,0,0,0,2.189
900.000000,97.352,38.401,0,0,0,0,0,0,1.992
901.000000,115.229,46.223,0,0,0,0,0,0,2.221
902.000000,115.195,73.132,0,10.716,0,11.777,0,0,2.211
903.000000,170.76,63.246,0,16.076,0,18.565,0,0,3.01
904.000000,218.408,0,0,0,0,0,0,0,4.201
905.000000,231.133,0,0,0,0,0,0,0,4.453
906.000000,141.122,0,0,0,0,0,0,0,2.704
907.000000,127.769,12.824,0,0,0,0,0,0,2.453
908.000000,131.57,39.29,0,0,0,0,0,0,2.522
909.000000,155.215,0,0,0,0,0,0,0,2.986
910.000000,171.246,0,0,0,0,0,0,0,3.283
911.000000,140.111,0.304,0,0,0,0,0,0,2.675
912.000000,95.65,38.403,0,0,0,0,0,0,1.833
913.000000,66.872,53.712,0,0,18.275,0,0,0,1.286
914.000000,69.116,55.174,0,0,44.234,0,0,0,1.54
915.000000,92.318,73.925,0,0,61.629,0,0,0,1.695
916.000000,136.785,109.059,0,0,87.634,0,0,0,2.826
917.000000,168.465,134.772,0,0,53.509,0,0,0,3.351
918.000000,199.892,158.826,0,0,0,0,0,0,3.79
919.000000,194.821,155.717,0,0,0,0,0,0,3.712
920.000000,150.712,119.812,0,0,0,0,0,0,2.853
921.000000,145.638,116.248,0,0,0,0,0,0,2.765
922.000000,131.298,105.089,0,0,31.854,0,0,0,2.593
923.000000,111.098,89.241,0,0,60.991,0,0,0,2.453
924.000000,133.623,107.413,0,0,32.762,0,0,0,2.527
925.000000,186.673,149.427,0,0,0,0,0,0,3.534
926.000000,178.672,142.765,0,0,11.102,0,0,0,3.371
927.000000,122.154,98.16,0,0,55.148,0,0,0,2.013
928.000000,147.318,118.169,0,0,0,0,0,0,2.773
929.000000,171.945,136.879,0,0,0,0,0,0,3.23
930.000000,156.661,126.554,0,0,0,0,0,0,2.972
931.000000,152.685,121.347,0,0,0,0,0,0,2.853
932.000000,150.142,119.79,0,0,0,0,0,0,2.809
933.000000,129.223,103.712,0,0,28.914,0,0,0,2.324
934.000000,128.01,102.006,0,0,49.577,0,0,0,2.498
935.000000,140.226,111.869,0,0,35.435,0,0,0,2.615
936.000000,160.892,128.081,0,0,39.375,0,0,0,2.74
937.000000,161.844,128.955,0,0,16.274,0,0,0,3.003
938.000000,172.817,137.373,0,0,0,0,0,0,3.173
939.000000,168.464,134.16,0,0,0,0,0,0,3.119
940.000000,152.4,122.85,0,0,0,0,0,0,2.84
941.000000,158.67,127.887,0,0,0,0,0,0,2.951
942.000000,175.178,140.028,0,0,0,0,0,0,3.23
943.000000,153.369,121.966,0,0,0,0,0,0,2.816
944.000000,149.406,119.432,0,0,0,0,0,0,2.76
945.000000,151.514,120.742,0,0,0,0,0,0,2.778
946.000000,160.411,127.882,0,0,0,0,0,0,2.941
947.000000,154.387,123.169,0,0,0,0,0,0,2.828
948.000000,148.648,118.224,0,0,0,0,0,0,2.714
949.000000,150.116,119.553,0,0,0,0,0,0,2.738
950.000000,153.62,122.534,0,0,0,0,0,0,2.802
951.000000,157.335,125.643,0,0,0,0,0,0,2.862
952.000000,156.834,125.383,0,0,0,0,0,0,2.848
953.000000,151.957,121.302,0,0,0,0,0,0,2.754
954.000000,153.914,122.485,0,0,0,0,0,0,2.771
955.000000,156.172,124.922,0,0,0,0,0,0,2.822
956.000000,158.611,120.549,0,0,0,0,0,0,3.517
957.000000,162.289,123.141,0,0,0,0,0,0,3.592
958.000000,141.403,108.687,0,0,0,0,0,0,3.115
959.000000,126.506,96.459,0,0,0,0,0,0,2.79
960.000000,127.064,96.765,0,0,0,0,0,0,2.806
961.000000,132.428,99.584,0,0,0,0,0,0,2.875
962.000000,128.591,97.759,0,0,0,0,0,0,2.822
963.000000,127.005,96.484,0,0,0,0,0,0,2.791
964.000000,138.849,88.704,0,0,0,0,0,0,2.85
965.000000,159.281,70.982,0,0,0,0,0,0,3.151
966.000000,160.797,71.348,0,0,0,0,0,0,3.176
967.000000,112.566,87.519,0,0,0,0,0,0,2.363
968.000000,117.892,91.713,0,0,0,0,0,0,2.467
969.000000,122.172,95.033,0,0,0,0,0,0,2.56
970.000000,174.408,71.949,0,0,0,0,0,0,3.335
971.000000,176.671,70.649,0,0,0,0,0,0,3.318
972.000000,157.116,62.294,0,0,0,0,0,0,2.965
973.000000,146.341,59.515,0,0,0,0,0,0,2.78
974.000000,150.4,62.215,0,0,0,0,0,0,2.863
975.000000,148.892,60.779,0,0,0,0,0,0,2.832
976.000000,145.26,56.422,0,0,0,0,0,0,2.698
977.000000,151.491,58.578,0,0,0,0,0,0,2.817
978.000000,157.978,60.806,0,0,0,0,0,0,2.922
979.000000,151.519,58.725,0,0,0,0,0,0,2.809
980.000000,149.773,57.918,0,0,0,0,0,0,2.766
981.000000,156.64,60.522,0,0,0,0,0,0,2.892
982.000000,151.701,59.341,0,0,0,0,0,0,2.838
983.000000,206.329,0,0,0,0,0,0,0,3.555
984.000000,211.886,0,0,0,0,0,0,0,3.651
985.000000,171.535,21.867,0,0,0,0,0,0,3.295
986.000000,0.05,166.058,0,0,0,0,0,0,3.561
987.000000,0,161.141,0,0,0,0,0,0,3.439
988.000000,0,145.751,0,0,0,0,0,0,3.108
989.000000,0,129.537,0,0,0,0,0,0,2.757
990.000000,2.907,127.506,0,0,0,0,0,0,5.12
991.000000,0,131.807,0,0,0,0,0,0,5.728
992.000000,0,111.595,0,0,0,0,0,0,4.841
993.000000,0,79.399,0,0,0,0,0,0,3.451
994.000000,0,71.724,0,0,0,0,0,0,3.106
995.000000,0,50.953,0,0,0,0,0,0,2.42
996.000000,0,56.511,0,0,0,0,0,0,3.766
997.000000,0,63.851,0,0,0,0,0,0,4.255
998.000000,0,56.074,0,0,0,0,0,0,3.737
999.000000,0,49.912,0,0,0,0,0,0,3.326
1000.000000,0,50.859,0,0,0,0,0,0,3.38
1001.000000,0,42.294,0,0,0,0,0,0,2.818
1002.000000,0,33.107,0,0,0,0,0,0,2.206
1003.000000,0,48.24,0,0,0,0,0,0,3.214
1004.000000,0,72.521,0,0,0,0,0,0,4.832
1005.000000,0,75.043,0,0,0,0,0,0,5.001
1006.000000,0,27.75,0,0,0,0,0,0,1.849
1007.000000,0,12.358,0,0,0,0,0,0,0.823
1008.000000,0,30.323,0,0,0,0,0,0,2.021
1009.000000,0,34.315,0,0,0,0,0,0,2.287
1010.000000,0,36.201,0,0,0,0,0,0,2.412
1011.000000,0,38.966,0,0,0,0,0,0,2.597
1012.000000,0,43.571,0,0,0,0,0,0,2.903
1013.000000,0,36.772,0,0,0,0,0,0,2.45
1014.000000,0,43.396,0,0,0,0,0,0,2.892
1015.000000,0,41.005,0,0,0,0,0,0,2.732
1016.000000,0,40.303,0,0,0,0,0,0,2.686
1017.000000,0,43.286,0,0,0,0,0,0,2.884
1018.000000,0,41.937,0,0,0,0,0,0,2.794
1019.000000,0,40.521,0,0,0,0,0,0,2.7
1020.000000,0,38.449,0,0,0,0,0,0,2.562
1021.000000,0,42.057,0,0,0,0,0,0,2.802
1022.000000,0,43.252,0,0,0,0,0,0,2.882
1023.000000,0,41.869,0,0,0,0,0,0,2.79
1024.000000,0,37.636,0,0,0,0,0,0,2.508
1025.000000,0,40.764,0,0,0,0,0,0,2.716
1026.000000,0,45.04,0,0,0,0,0,0,3.001
1027.000000,0,39.986,0,0,0,0,0,0,2.665
1028.000000,6.977,35.586,0,0,0,0,0,0,1.649
1029.000000,0,39.375,0,0,0,0,0,0,2.624
1030.000000,0,53.15,0,0,0,0,0,0,3.542
1031.000000,0,61.214,0,0,0,0,0,0,4.079
1032.000000,0.068,41.469,0,0,0,0,0,0,2.753
1033.000000,0,42.929,0,0,0,0,0,0,2.717
1034.000000,0,41.18,0,0,0,0,0,0,2.573
1035.000000,0,41.686,0,0,0,0,0,0,2.604
1036.000000,0,44.911,0,0,0,0,0,0,2.806
1037.000000,0,49.965,0,0,0,0,0,0,3.121
1038.000000,0,43.734,0,0,0,0,0,0,2.732
1039.000000,0,50.937,0,0,0,0,0,0,3.182
1040.000000,0,56.581,0,0,0,0,0,0,3.535
1041.000000,0,42.733,0,0,0,0,0,0,2.67
1042.000000,0,38.892,0,0,0,0,0,0,2.43
1043.000000,0,51.984,0,0,0,0,0,0,3.248
1044.000000,0,93.512,0,0,0,0,0,0,5.857
1045.000000,0,44.979,0,0,0,0,0,0,2.81
1046.000000,0,10.109,0,0,0,0,0,0,0.632
1047.000000,0.035,36.688,0,0,0,0,0,0,2.294
1048.000000,0,53.095,0,0,0,0,0,0,3.317
1049.000000,0,43.93,0,0,0,0,0,0,2.675
1050.000000,0,31.873,0,0,0,0,0,0,1.991
1051.000000,0,49.859,0,0,0,0,0,0,3.115
1052.000000,0,57.662,0,0,0,0,0,0,3.602
1053.000000,0,45.247,0,0,0,0,0,0,2.827
1054.000000,0,40.222,0,0,0,0,0,0,2.506
1055.000000,0.078,50.669,0,0,0,0,0,0,3.17
1056.000000,0.072,83.87,0,0,0,0,0,0,5.244
1057.000000,0,41.563,0,0,0,0,0,0,2.597
1058.000000,0.016,10.11,0,0,0,0,0,0,0.633
1059.000000,0,25.666,0,0,0,0,0,0,1.608
1060.000000,0,40.516,0,0,0,0,0,0,2.525
1061.000000,0,46.044,0,0,0,0,0,0,2.869
1062.000000,0,47.146,0,0,0,0,0,0,2.945
1063.000000,0,45.388,0,0,0,0,0,0,2.843
1064.000000,0,40.935,0,0,0,0,0,0,2.557
1065.000000,0,41.444,0,0,0,0,0,0,2.754
1066.000000,0,44.616,0,0,0,0,0,0,2.973
1067.000000,0.423,86.39,0,0,0,0,0,0,5.753
1068.000000,0,191.311,0,0,0,0,0,0,12.748
1069.000000,0,42.605,0,0,0,0,0,0,2.839
1070.000000,0,42.605,0,0,0,0,0,0,2.839
1071.000000,0,42.605,0,0,0,0,0,0,2.839
1072.000000,0,42.605,0,0,0,0,0,0,2.839
1073.000000,0,42.605,0,0,0,0,0,0,2.839
1074.000000,0.015,9.227,0,0,0,0,0,0,0.616
1075.000000,0.11,44.326,0,0,0,0,0,0,2.969
1076.000000,0,48.882,0,0,0,0,0,0,3.266
1077.000000,0,49.89,0,0,0,0,0,0,3.334
1078.000000,0,40.139,0,0,0,0,0,0,2.697
1079.000000,0,39.88,0,0,0,0,0,0,2.657
1080.000000,0,41.56,0,0,0,0,0,0,2.769
1081.000000,0,37.891,0,0,0,0,0,0,2.525
1082.000000,0,39.729,0,0,0,0,0,0,2.647
1083.000000,0.034,42.697,0,0,0,0,0,0,2.77
1084.000000,0,36.302,0,0,0,0,0,0,2.419
1085.000000,0,39.075,0,0,0,0,0,0,2.611
1086.000000,0,46.37,0,0,0,0,0,0,3.116
1087.000000,0,38.369,0,0,0,0,0,0,2.557
1088.000000,0,37.108,0,0,0,0,0,0,2.48
1089.000000,0,50.216,0,0,0,0,0,0,3.356
1090.000000,0,52.588,0,0,0,0,0,0,3.514
1091.000000,0,36.427,0,0,0,0,0,0,2.427
1092.000000,0,29.999,0,0,0,0,0,0,1.999
1093.000000,0,37.983,0,0,0,0,0,0,2.538
1094.000000,0,39.233,0,0,0,0,0,0,2.614
1095.000000,0,44.465,0,0,0,0,0,0,2.963
1096.000000,0,42.598,0,0,0,0,0,0,2.87
1097.000000,0,42.462,0,0,0,0,0,0,2.845
1098.000000,0,40.739,0,0,0,0,0,0,2.753
1099.000000,0,41.679,0,0,0,0,0,0,2.785
1100.000000,0,42.575,0,0,0,0,0,0,2.837
1101.000000,0,46.454,0,0,0,0,0,0,3.113
1102.000000,0.032,37.978,0,0,0,0,0,0,2.554
1103.000000,0.148,33.637,0,0,0,0,0,0,2.251
1104.000000,0,32.893,0,0,0,0,0,0,2.204
1105.000000,0,47.301,0,0,0,0,0,0,3.161
1106.000000,0,60.277,0,0,0,0,0,0,4.028
1107.000000,0,45.536,0,0,0,0,0,0,3.034
1108.000000,0,54.012,0,0,0,0,0,0,3.619
1109.000000,0,69.062,0,0,0,0,0,0,4.628
1110.000000,0,41.077,0,0,0,0,0,0,2.745
1111.000000,0.209,36.112,0,0,0,0,0,0,2.42
1112.000000,0,46.591,0,0,0,0,0,0,3.122
1113.000000,0.042,25.703,0,0,0,0,0,0,1.716
1114.000000,0.036,21.961,0,0,0,0,0,0,1.47
1115.000000,0,30.592,0,0,0,0,0,0,2.038
1116.000000,0,43.893,0,0,0,0,0,0,2.925
1117.000000,0,45.469,0,0,0,0,0,0,3.064
1118.000000,0.151,42.989,0,0,0,0,0,0,2.891
1119.000000,0.141,28.278,0,0,0,0,0,0,1.899
1120.000000,0,40.485,0,0,0,0,0,0,2.713
1121.000000,0,42.237,0,0,0,0,0,0,2.814
1122.000000,0,40.911,0,0,0,0,0,0,2.749
1123.000000,0,41.245,0,0,0,0,0,0,2.936
1124.000000,0.099,34.64,0,0,0,0,0,0,2.671
1125.000000,0.565,46.431,0,0,0,0,0,0,3.579
1126.000000,0,41.093,0,0,0,0,0,0,3.159
1127.000000,0,37.637,0,0,0,0,0,0,2.894
1128.000000,0.032,34.147,0,0,0,0,0,0,2.628
1129.000000,0,40.051,0,0,0,0,0,0,3.079
1130.000000,0,23.639,0,0,0,0,0,0,1.817
1131.000000,0,36.322,0,0,0,0,0,0,2.792
1132.000000,14.711,31.654,0,0,0,0,0,0,1.117
1133.000000,0,21.463,0,0,0,0,0,0,0.466
1134.000000,0,57.384,0,0,0,0,0,0,1.259
1135.000000,0,130.051,0,0,0,0,0,0,9.999
1136.000000,0,140.358,0,0,0,0,0,0,10.791
1137.000000,19.956,71.905,0,0,0,0,0,0,3.006
1138.000000,0,36.45,0,0,0,0,0,0,1.146
1139.000000,0,52.351,0,0,0,0,0,0,4.025
1140.000000,0,118.309,0,0,0,0,0,0,9.096
1141.000000,0,64.325,0,0,0,0,0,0,4.945
1142.000000,0.098,52.263,0,0,0,0,0,0,4.013
1143.000000,0,42.551,0,0,0,0,0,0,3.271
1144.000000,0,40.509,0,0,0,0,0,0,3.114
1145.000000,0,52.856,0,0,0,0,0,0,4.064
1146.000000,0,34.933,0,0,0,0,0,0,2.694
1147.000000,0,50.812,0,0,0,0,0,0,3.907
1148.000000,0.037,37.586,0,0,0,0,0,0,2.892
1149.000000,0,11.338,0,0,0,0,0,0,0.872
1150.000000,0,26.229,0,0,0,0,0,0,2.016
1151.000000,0,30.477,0,0,0,0,0,0,2.343
1152.000000,0.033,34.816,0,0,0,0,0,0,2.679
1153.000000,0.073,35.921,0,0,0,0,0,0,2.758
1154.000000,33.76,4.139,0,0,0,0,0,0,1.016
1155.000000,30.904,0,0,0,0,0,0,0,0.665
1156.000000,81.105,0,0,0,0,0,0,0,1.74
1157.000000,110.63,0,0,0,0,0,0,0,2.374
1158.000000,74.336,45.333,0,0,0,0,0,0,1.346
1159.000000,85.355,68.368,0,0,0,0,0,0,1.466
1160.000000,126.166,101.213,0,0,0,0,0,0,2.164
1161.000000,192.947,154.73,0,0,0,0,0,0,3.309
1162.000000,238.995,191.913,0,0,0,0,0,0,4.102
1163.000000,256.685,206.025,0,0,0,0,0,0,4.424
1164.000000,148.709,119.329,0,0,0,0,0,0,2.563
1165.000000,182.602,146.416,0,0,0,0,0,0,3.163
1166.000000,304.143,243.858,0,0,91.036,0,0,0,5.287
1167.000000,133.294,107.089,0,0,84.496,0,0,0,2.427
1168.000000,12.238,9.866,0,0,7.797,0,0,0,0.179
1169.000000,90.746,72.649,0,0,56.35,0,0,0,1.711
1170.000000,136.279,109.475,0,0,85.611,0,0,0,2.275
1171.000000,124.288,99.747,0,0,142.929,0,0,0,2.252
1172.000000,118.778,94.75,0,0,133.679,0,0,0,1.785
1173.000000,147.365,117.489,0,0,163.763,0,0,0,2.518
1174.000000,166.243,132.338,0,0,184.853,0,0,0,2.72
1175.000000,157.673,125.4,0,0,171.639,0,0,0,2.465
1176.000000,156.892,124.938,0,0,171.926,0,0,0,2.894
1177.000000,135.109,108.816,0,55.761,105.615,52.035,0,0,2.598
1178.000000,135.197,109.163,0,76.277,61.418,73.876,0,0,2.211
1179.000000,156.242,126.204,0,85.15,75.486,83.12,0,0,2.762
1180.000000,164.494,132.586,0,87.313,79.464,84.871,0,0,2.888
1181.000000,164.994,133.126,0,85.377,79.351,82.935,0,0,2.878
1182.000000,172.329,139.046,0,86.592,86.815,84.553,0,0,2.753
1183.000000,176.827,142.793,0,86.908,90.263,85.092,0,0,3.293
1184.000000,183.665,148.197,0,90.19,93.937,88.272,0,0,2.782
1185.000000,208.832,168.603,0,101.08,107.074,99.051,0,0,3.301
1186.000000,200.791,162.134,0,95.096,102.265,94.462,0,0,3.155
1187.000000,155.994,126.118,0,75.894,77.353,74.19,0,0,2.658
1188.000000,155.048,125.674,0,73.973,76.735,72.159,0,0,2.743
1189.000000,162.275,133.266,0,76.363,78.718,77.186,0,0,2.658
1190.000000,165.181,137.528,0,85.711,65.13,80.039,0,0,2.487
1191.000000,170.008,140.859,0,98.95,48.113,97.786,0,0,2.662
1192.000000,177.909,147.549,0,105.637,48.375,103.244,0,0,2.815
1193.000000,172.608,141.195,0,112.528,46.712,110.082,0,0,2.816
1194.000000,179.089,146.476,0,119.267,44.799,116.783,0,0,2.793
1195.000000,170.148,138.341,0,113.356,40.187,110.734,0,0,2.866
1196.000000,182.631,148.455,0,118.993,39.866,115.852,0,0,2.938
1197.000000,191.716,156.883,0,123.448,44.515,119.736,0,0,2.687
1198.000000,161.618,132.253,0,102.238,40.222,98.782,0,0,2.032
1199.000000,160.564,129.712,0,98.457,39.246,99.343,0,0,2.876
1200.000000,166.617,134.398,0,100.292,38.568,103.229,0,0,2.729
1201.000000,160.789,130.831,0,97.185,39.144,99.644,0,0,2.207
1202.000000,160.987,132.017,0,99.545,44.644,101.528,0,0,2.827
1203.000000,165.405,135.226,0,104.604,43.905,104.089,0,0,2.557
1204.000000,219.12,179.486,0,60.238,25.568,58.622,0,0,3.389
1205.000000,312.648,256.347,0,0,0,0,0,0,5.325
1206.000000,286.476,234.68,0,0,0,0,0,0,4.877
1207.000000,176.684,144.917,0,0,0,0,0,0,3.004
1208.000000,171.147,140.206,0,0,0,0,0,0,2.922
1209.000000,174.517,142.232,0,0,0,0,0,0,2.979
1210.000000,177.219,146.039,0,0,0,0,0,0,3.028
1211.000000,176.533,145.537,0,0,0,0,0,0,3.031
1212.000000,173.524,143.213,0,0,0,0,0,0,2.984
1213.000000,165.519,135.581,0,0,0,0,0,0,2.842
1214.000000,165.066,135.179,0,0,0,0,0,0,2.828
1215.000000,147.131,120.6,0,0,0,0,0,0,2.519
1216.000000,146.326,119.959,0,0,0,0,0,0,2.513
1217.000000,156.187,127.979,0,0,0,0,0,0,2.682
1218.000000,174.067,142.484,0,0,0,0,0,0,2.989
1219.000000,340.134,5.128,0,0,0,0,0,0,6.907
1220.000000,0,358.228,0,0,0,0,0,0,15.54
1221.000000,0,268.475,0,0,3.456,0,0,0,11.839
1222.000000,0,103.142,0,0,8.906,0,0,0,5.797
1223.000000,0,59.498,0,0,0,0,0,0,2.576
1224.000000,0,56.122,0,0,0,0,0,0,2.435
1225.000000,0,28.846,0,0,0,0,0,0,1.254
1226.000000,0,76.99,0,0,0,0,0,0,3.346
1227.000000,0,99.847,0,0,0,0,0,0,4.347
1228.000000,0.036,32.91,0,0,0,0,0,0,1.437
1229.000000,0,25.283,0,0,0,0,0,0,1.095
1230.000000,0,35.824,0,0,0,0,0,0,0.872
1231.000000,0,64.709,0,0,0,0,0,0,1.379
1232.000000,0,127.289,0,0,1.614,0,0,0,2.766
1233.000000,0,189.323,0,0,2.478,0,0,0,8.489
1234.000000,0,183.6,0,0,17.838,0,0,0,8.172
1235.000000,0,104.858,0,0,12.057,0,0,0,4.95
1236.000000,0,53.734,0,0,0,0,0,0,2.374
1237.000000,0,42.634,0,0,0,0,0,0,1.86
1238.000000,0.143,44.31,0,0,0,0,0,0,1.95
1239.000000,0,80.042,0,0,3.743,0,0,0,3.899
1240.000000,0.119,96.689,0,0,15.624,0,0,0.069,5.501
1241.000000,0,112.405,0,0,9.673,0,0,0.967,6.011
1242.000000,0,68.141,0,0,9.321,0,0,0.023,3.305
1243.000000,12.315,24.63,0,0,0.576,0,0,0.204,1.701
1244.000000,0,28.194,0,0,2.507,0,0,0.677,1.215
1245.000000,0,50.955,0,0,0,0,0,0.193,2.219
1246.000000,0,34.688,0,0,0,0,0,0.33,1.516
1247.000000,0,7.423,0,0,0,0,0,0.028,0.34
1248.000000,0,7.423,0,0,0,0,0,0.028,0.34
1249.000000,0,56.854,0,0,0,0,0,0,0.711
1250.000000,0,156.955,0,0,0,0,0,0,3.648
1251.000000,43.272,90.215,0,0,0,0,0,0,3.07
1252.000000,0,121.174,0,0,0,0,0,0,2.819
1253.000000,0,113.633,0,0,0,0,0,0,2.651
1254.000000,0,100.504,0,0,0,0,0,0,2.354
1255.000000,0,102.916,0,0,0,0,0,0,2.404
1256.000000,0,65.988,0,0,0,0,0,0,1.546
1257.000000,0,96.459,0,0,0,0,0,0,2.286
1258.000000,0.034,114.241,0,0,0,0,0,0,2.855
1259.000000,0.114,119.247,0,0,0,0,0,0,8.043
1260.000000,0,108.691,0,0,0,0,0,0,7.536
1261.000000,0,62.571,0,0,0,0,0,0,4.228
1262.000000,0,45.073,0,0,0,0,0,0,3.152
1263.000000,0,40.921,0,0,0,0,0,0,2.904
1264.000000,0,40.921,0,0,0,0,0,0,2.904
1265.000000,0,34.358,0,0,0,0,0,0,2.453
1266.000000,0,44.023,0,0,0,0,0,0,3.134
1267.000000,0,1.101,0,0,0,0,0,0,0.079
1268.000000,0,31.084,0,0,0,0,0,0,2.219
1269.000000,0,36.966,0,0,0,0,0,0,2.639
1270.000000,0,46.015,0,0,0,0,0,0,3.285
1271.000000,0,25.457,0,0,0,0,0,0,1.817
1272.000000,0,45.541,0,0,0,0,0,0,3.251
1273.000000,0,50.594,0,0,0,0,0,0,3.612
1274.000000,15.486,20.28,0,0,0,0,0,0,0.907
1275.000000,24.34,18.944,0,0,9.773,0,0,0.05,0.562
1276.000000,14.707,11.762,0,0,3.368,0,0,0.012,0.269
1277.000000,116.764,93.983,0,0,0,0,0,0,2.335
1278.000000,168.546,135.944,0,0,0,0,0,0,3.236
1279.000000,162.727,94.913,0,0,0,0,0,0,3.124
1280.000000,182.329,65.091,0,0,9.583,0,0,0,3.537
1281.000000,180.954,72.177,0,0,0,0,0,0,3.458
1282.000000,150.253,60.179,0,0,0,0,0,0,3.006
1283.000000,136.857,54.35,0,0,0,0,0,0,2.6
1284.000000,84.711,67.604,0,0,37.3,0,0,0,1.753
1285.000000,84.524,67.663,0,0,38.561,0,0,0.025,1.689
1286.000000,116.812,93.635,0,0,59.53,0,0,0.048,2.143
1287.000000,133.338,106.486,0,0,83.961,0,0,1.06,2.54
1288.000000,124.568,99.675,0,0,81.267,0,0,1.334,2.454
1289.000000,128.804,102.96,0,28.33,39.461,27.874,0,1.61,2.337
1290.000000,143.541,115.184,0,41.362,28.066,40.752,0,1.07,2.715
1291.000000,157.891,126.796,0,37.894,21.796,36.081,0,0.575,3.368
1292.000000,184.248,147.538,0,26.894,22.369,27.42,0,1.301,3.788
1293.000000,167.82,133.888,0,24.38,19.074,26.27,0,0.301,3.043
1294.000000,121.446,96.47,0,23.437,17.446,23.971,0,0,2.284
1295.000000,131.981,104.837,0,28.941,31.721,30.342,0,0,3.101
1296.000000,124.927,99.572,0,27.561,29.332,28.802,0,0,3.041
1297.000000,172.333,137.508,0,23.235,36.958,22.669,0,0,2.702
1298.000000,183.033,145.641,0,8.001,18.972,8.477,0,0,3.286
1299.000000,192.602,154.033,0,0,8.482,0,0,0,3.181
1300.000000,175.08,140.193,0,0,6.458,0,0,0,3.16
1301.000000,145.166,116.047,0,0,12.287,0,0,0,2.502
1302.000000,151.553,120.876,0,0.095,6.29,0.096,0,0.015,2.48
1303.000000,112.575,89.194,0,28.959,17.928,29.288,0,0.502,1.656
1304.000000,114.504,90.944,0,31.944,15.302,31.826,0,0,2.395
1305.000000,133.978,106.407,0,38.019,16.079,37.719,0,0,2.592
1306.000000,156.029,123.635,0,46.208,10.882,44.513,0,0,3.128
1307.000000,154.529,123.159,0,41.616,16.864,40.201,0,0,2.504
1308.000000,153.79,126.56,0,41.902,10.066,40.745,0,0,2.926
1309.000000,207.618,164.504,0,0,0,0,0,0,3.821
1310.000000,199.598,158.556,0,0,0,0,0,0,3.689
1311.000000,168.512,134.156,0,0,0,0,0,0,3.102
1312.000000,154.531,122.721,0,0,0,0,0,0,2.846
1313.000000,155.401,123.953,0,0,0,0,0,0,2.86
1314.000000,151.328,121.472,0,0,0,0,0,0,2.804
1315.000000,151.5,121.976,0,0,0,0,0,0,2.81
1316.000000,152.398,123.098,0,0,0.236,0,0,0,2.831
1317.000000,128.843,104.11,0,0,45.811,0,0,0,3.491
1318.000000,130.685,104.326,0,0,46.901,0,0,0,2.483
1319.000000,142.444,113.297,0,0,50.484,0,0,0,2.459
1320.000000,155.4,124.272,0,0,55.121,0,0,0.064,2.571
1321.000000,189.78,150.706,0,0,0,0,0,0,3.411
1322.000000,182.12,145.898,0,0,0,0,0,0,3.289
1323.000000,118.627,160.425,0,0,23.078,0,0,0,3.769
1324.000000,0,205.465,0,0,94.516,0,0,0,4.056
1325.000000,0,183.853,0,0,96.08,0,0,0.019,4.873
1326.000000,0,128.271,0,23.026,21.222,21.819,0,0.009,3.4
1327.000000,0,123.55,0,30.767,0,29.699,0,0.018,3.274
1328.000000,0,127.356,0,29.856,0,33.851,0,0.026,3.258
1329.000000,0,126.973,0,30.088,0,30.803,0,0.07,4.326
1330.000000,0,111.625,0,33.295,0,33.319,0,0.146,3.368
1331.000000,0,94.942,0,46.584,0,43.768,0,0.301,2.948
1332.000000,0,104.797,0,49.405,0,48.272,0,0.064,2.253
1333.000000,0,120.274,0,53.951,0,53.637,0,0.132,3.025
1334.000000,0,123.62,0,54.986,0,54.451,0,0.052,3.101
1335.000000,0,128.181,0,57.848,0,57.267,0,0,2.255
1336.000000,0,131.086,0,53.231,0,53.58,0,0,2.79
1337.000000,0,131.745,0,55.615,0,56.245,0,0,2.438
1338.000000,0,126.146,0,54.211,0,53.245,0,0,2.334
1339.000000,0,124.622,0,53.481,0,51.987,0,0,2.768
1340.000000,0,129.055,0,54.423,0,56.296,0,0,3.332
1341.000000,0,129.934,0,54.199,0,53.649,0,0.016,2.965
1342.000000,0,124.355,0,51.394,0,52.838,0,0,2.938
1343.000000,0,128.812,0,55.586,0,54.874,0,0,3.644
1344.000000,0,134.193,0,61.245,0,56.942,0,0,1.723
1345.000000,0,122.518,0,54.757,0,55.238,0,0,3.352
1346.000000,0,123.215,0,54.823,0,55.297,0,0,3.02
1347.000000,0,128.667,0,57.148,0,57.635,0,0,2.681
1348.000000,0,129.454,0,57.432,0,57.949,0,0,2.813
1349.000000,0,128.53,0,57.023,0,57.534,0,0,2.793
1350.000000,0,133.07,0,58.689,0,56.646,0,0,2.773
1351.000000,0,135.092,0,55.933,0,56.523,0,0,2.69
1352.000000,0,132.491,0,54.414,0,54.198,0,0,2.759
1353.000000,0,129.508,0,50.425,0,50.46,0,0,3.166
1354.000000,0,169.582,0,35.531,0,38.133,0,0,2.762
1355.000000,0,163.997,0,34.133,0,37.105,0,0,2.966
1356.000000,0,144.192,0,29.874,0,32.592,0,0,2.471
1357.000000,0,130.907,0,26.894,0,29.359,0,0,1.523
1358.000000,0,128.536,0,26.026,0,28.425,0,0,1.027
1359.000000,0,186.107,0,0,0,0,0,0,3.968
1360.000000,0,184.497,0,0,0,0,0,0,3.927
1361.000000,51.957,99.314,0,0,0,0,0,0,4.023
1362.000000,0,129.239,0,0,0,0,0,0,5.596
1363.000000,7.096,116.554,0,0,0,0,0,0,5.335
1364.000000,5.279,79.573,0,0,0,0,0,0,4.484
1365.000000,0,65.874,0,0,0,0,0,0,4.115
1366.000000,0,68.277,0,0,0,0,0,0,4.265
1367.000000,0,47.697,0,0,0,0,0,0,2.98
1368.000000,0,42.623,0,0,0,0,0,0,2.663
1369.000000,0,45.85,0,0,0,0,0,0,2.864
1370.000000,0,53.018,0,0,0,0,0,0,3.312
1371.000000,0,53.662,0,0,0,0,0,0,3.352
1372.000000,0,38.651,0,0,0,0,0,0,2.415
1373.000000,0,36.564,0,0,0,0,0,0,2.284
1374.000000,5.588,38.423,0,0,0,0,0,0,2.75
1375.000000,0,48.23,0,0,0,0,0,0,3.021
1376.000000,0,46.835,0,0,0,0,0,0,2.941
1377.000000,0.106,45.923,0,0,0,0,0,0,2.868
1378.000000,0,44.073,0,0,0,0,0,0,2.753
1379.000000,0,38.93,0,0,0,0,0,0,2.432
1380.000000,0,41.308,0,0,0,0,0,0,2.581
1381.000000,0,44.967,0,0,0,0,0,0,2.809
1382.000000,0,51.519,0,0,0,0,0,0,3.219
1383.000000,0,48.165,0,0,0,0,0,0,3.009
1384.000000,0,36.48,0,0,0,0,0,0,2.309
1385.000000,0,42.956,0,0,0,0,0,0,2.684
1386.000000,0,55.295,0,0,0,0,0,0,3.454
1387.000000,0,41.706,0,0,0,0,0,0,2.606
1388.000000,0.059,38.343,0,0,0,0,0,0,2.399
1389.000000,0,44.506,0,0,0,0,0,0,2.78
1390.000000,0,40.409,0,0,0,0,0,0,2.524
1391.000000,0,46.916,0,0,0,0,0,0,2.931
1392.000000,0.043,56.858,0,0,0,0,0,0,3.5
1393.000000,0.106,52.238,0,0,0,0,0,0,3.27
1394.000000,0,56.87,0,0,0,0,0,0,3.553
1395.000000,0,40.244,0,0,0,0,0,0,2.514
1396.000000,0.023,30.624,0,0,0,0,0,0,1.915
1397.000000,0,51.273,0,0,0,0,0,0,3.245
1398.000000,0,50.994,0,0,0,0,0,0,3.186
1399.000000,0,48.645,0,0,0,0,0,0,3.039
1400.000000,0,51.188,0,0,0,0,0,0,3.198
1401.000000,0,36.734,0,0,0,0,0,0,2.295
1402.000000,0,38.616,0,0,0,0,0,0,2.412
1403.000000,0,69.848,0,0,0,0,0,0,4.364
1404.000000,0,50.055,0,0,0,0,0,0,3.127
1405.000000,0,35.816,0,0,0,0,0,0,2.237
1406.000000,0.049,66.413,0,0,0,0,0,0,3.976
1407.000000,0,36.478,0,0,0,0,0,0,2.279
1408.000000,0,33.577,0,0,0,0,0,0,2.098
1409.000000,0,44.975,0,0,0,0,0,0,2.81
1410.000000,0,39.325,0,0,0,0,0,0,2.457
1411.000000,0,73.712,0,0,0,0,0,0,4.605
1412.000000,0.104,44.419,0,0,0,0,0,0,2.871
1413.000000,0,9.7,0,0,0,0,0,0,0.634
1414.000000,0,26.62,0,0,0,0,0,0,1.764
1415.000000,0,45.755,0,0,0,0,0,0,3.049
1416.000000,0,48.709,0,0,0,0,0,0,3.246
1417.000000,0,36.44,0,0,0,0,0,0,2.428
1418.000000,0,38.997,0,0,0,0,0,0,2.599
1419.000000,0,42.669,0,0,0,0,0,0,2.843
1420.000000,0,49.102,0,0,0,0,0,0,3.272
1421.000000,0.077,49.012,0,0,0,0,0,0,3.271
1422.000000,0,49.174,0,0,0,0,0,0,3.277
1423.000000,0,54.654,0,0,0,0,0,0,3.642
1424.000000,0,50.849,0,0,0,0,0,0,3.388
1425.000000,0,30.314,0,4.042,0,4.997,0,0,2.744
1426.000000,0,60.299,0,0,0,0,0,0,4.018
1427.000000,0,86.601,0,0,0,0,0,0,5.771
1428.000000,0,60.614,0,0,0,0,0,0,4.039
1429.000000,0.951,56.393,0,0,0,0,0,0,3.821
1430.000000,0,158.58,0,0,0,0,0,0,10.567
1431.000000,0.034,21.537,0,0,0,0,0,0,1.433
1432.000000,0.034,21.537,0,0,0,0,0,0,1.433
1433.000000,0.034,21.537,0,0,0,0,0,0,1.433
1434.000000,0.034,21.537,0,0,0,0,0,0,1.433
1435.000000,0,18.219,0,0,0,0,0,0,1.214
1436.000000,0,53.32,0,0,0,0,0,0,3.553
1437.000000,0,48.127,0,0,0,0,0,0,3.207
1438.000000,0,61.421,0,0,0,0,0,0,4.093
1439.000000,0,42.267,0,0,0,0,0,0,2.816
1440.000000,0,25.117,0,0,0,0,0,0,1.674
1441.000000,0,42.044,0,0,0,0,0,0,2.786
1442.000000,0,48.766,0,0,0,0,0,0,3.25
1443.000000,0,46.423,0,0,0,0,0,0,3.093
1444.000000,0,49.017,0,0,0,0,0,0,3.266
1445.000000,0,38.36,0,0,0,0,0,0,2.556
1446.000000,0,32.276,0,0,0,0,0,0,2.151
1447.000000,0,34.349,0,0,0,0,0,0,2.289
1448.000000,10.394,28.398,0,0,0,0,0,0,2.129
1449.000000,0.063,38.587,0,0,0,0,0,0,2.568
1450.000000,0,46.646,0,0,0,0,0,0,3.108
1451.000000,0,58.832,0,0,0,0,0,0,3.92
1452.000000,0,96.893,0,0,0,0,0,0,6.456
1453.000000,0,78.662,0,0,0,0,0,0,5.242
1454.000000,0,7.36,0,0,0,0,0,0,0.49
1455.000000,0,20.055,0,0,0,0,0,0,1.336
1456.000000,0,36.408,0,0,0,0,0,0,2.426
1457.000000,0.023,28.472,0,0,0,0,0,0,1.899
1458.000000,0,34.979,0,0,0,0,0,0,2.331
1459.000000,0,37.302,0,0,0,0,0,0,2.486
1460.000000,0,32.23,0,0,0,0,0,0,2.148
1461.000000,0,9.791,0,0,0,0,0,0,0.652
1462.000000,0,28.941,0,0,0,0,0,0,1.928
1463.000000,0,49.694,0,0,0,0,0,0,3.311
1464.000000,0,46.383,0,0,0,0,0,0,3.091
1465.000000,0.078,47.112,0,0,0,0,0,0,3.136
1466.000000,0,57.563,0,0,0,0,0,0,3.836
1467.000000,0,69.456,0,0,0,0,0,0,4.628
1468.000000,0,75.118,0,0,0,0,0,0,5.005
1469.000000,0,44.644,0,0,0,0,0,0,2.975
1470.000000,0,20.08,0,0,0,0,0,0,1.338
1471.000000,0,28.226,0,0,0,0,0,0,1.881
1472.000000,0,33.111,0,0,0,0,0,0,2.206
1473.000000,0.096,39.236,0,0,0,0,0,0,2.614
1474.000000,0.059,35.848,0,0,0,0,0,0,2.393
1475.000000,0,40.31,0,0,0,0,0,0,2.686
1476.000000,0,38.402,0,0,0,0,0,0,2.559
1477.000000,0,37.176,0,0,0,0,0,0,2.477
1478.000000,0,43.142,0,0,0,0,0,0,2.875
1479.000000,0,52.955,0,0,0,0,0,0,3.529
1480.000000,0,82.237,0,0,0,0,0,0,5.48
1481.000000,0,80.217,0,0,0,0,0,0,5.345
1482.000000,0,32.087,0,0,0,0,0,0,2.138
1483.000000,0,24.83,0,0,0,0,0,0,1.655
1484.000000,0,40.685,0,0,0,0,0,0,2.711
1485.000000,0,7.122,0,0,0,0,0,0,0.475
1486.000000,0,54.799,0,0,0,0,0,0,3.652
1487.000000,0,72.059,0,0,0,0,0,0,4.828
1488.000000,0.136,54.587,0,0,0,0,0,0,3.657
1489.000000,0,41.609,0,0,0,0,0,0,2.812
1490.000000,0,42.996,0,0,0,0,0,0,2.889
1491.000000,0,39.114,0,0,0,0,0,0,2.621
1492.000000,0.055,33.242,0,0,0,0,0,0,2.256
1493.000000,0,33.005,0,0,0,0,0,0,2.23
1494.000000,1.204,37.095,0,0,0,0,0,0,2.257
1495.000000,0,39.283,0,0,0,0,0,0,2.655
1496.000000,0,48.888,0,0,0,0,0,0,3.294
1497.000000,0,49.776,0,0,0,0,0,0,3.392
1498.000000,0,38.987,0,0,0,0,0,0,2.68
1499.000000,0,61.488,0,0,0,0,0,0,3.495
1500.000000,0.281,167.854,0,0,0,0,0,0,11.691
1501.000000,210.632,115.207,0,0,0,0,0,0,7.501
1502.000000,79.893,57.26,0,0,0,0,0,0,2.858
1503.000000,61.516,110.135,0,0,0,0,0,0,1.972
1504.000000,35.715,71.43,0,0,0,0,0,0,1.881
1505.000000,35.715,71.43,0,0,0,0,0,0,1.881
1506.000000,2.734,2.102,0,0,0,0,0,0,0.051
1507.000000,51.541,40.908,0,0,0,0,0,0,0.948
1508.000000,88.826,70.38,0,0,0,0,0,0,1.635
1509.000000,133.496,105.86,0,0,0,0,0,0.305,2.238
1510.000000,135.977,107.43,0,0,0,0,0,0.207,2.479
1511.000000,141.675,112.383,0,0,0,0,0,0,2.594
1512.000000,142.899,113.944,0,0,0,0,0,0,2.626
1513.000000,190.778,73.715,0,0,0,0,0,0,4.574
1514.000000,197.86,71.567,0,0,0,0,0,0,4.805
1515.000000,143.437,51.919,0,0,0,0,0,0,3.481
1516.000000,102.548,37.02,0,0,0,0,0,0,2.483
1517.000000,114.947,41.155,0,0,0,0,0,0,2.78
1518.000000,111.415,44.914,0,0,0,0,0,0,2.778
1519.000000,113.095,40.522,0,0,0,0,0,0,2.738
1520.000000,121.659,43.971,0,0,0,0,0,0,2.96
1521.000000,120.177,43.11,0,0,0,0,0,0,2.906
1522.000000,91.328,32.675,0,0,0,0,0,0,2.197
1523.000000,6.398,130.617,0,0,0,0,0,0,3.862
1524.000000,0,160.957,0,0,0,0,0,0,4.68
1525.000000,0,125.797,0,0,0,0,0,0,8.548
1526.000000,0,96.01,0,0,0,0,0,0,6.854
1527.000000,0,70.841,0,0,0,0,0,0,5.057
1528.000000,0,33.484,0,0,0,0,0,0,2.391
1529.000000,0,36.753,0,0,0,0,0,0,2.624
1530.000000,0,36.555,0,0,0,0,0,0,2.61
1531.000000,0,39.156,0,0,0,0,0,0,2.795
1532.000000,0,37.336,0,0,0,0,0,0,2.665
1533.000000,0,46.288,0,0,0,0,0,0,3.305
1534.000000,0,53.429,0,0,0,0,0,0,3.814
1535.000000,0,61.392,0,0,0,0,0,0,4.396
1536.000000,0,229.476,0,0,0,0,0,0,16.431
1537.000000,0,225.146,0,0,0,0,0,0,16.219
1538.000000,0,225.146,0,0,0,0,0,0,16.219
1539.000000,0,225.146,0,0,0,0,0,0,16.219
1540.000000,0,3.649,0,0,0,0,0,0,0.268
1541.000000,0,3.649,0,0,0,0,0,0,0.268
1542.000000,0,3.977,0,0,0,0,0,0,0.297
1543.000000,0,32.724,0,0,0,0,0,0,2.438
1544.000000,0,29.858,0,0,0,0,0,0,2.259
1545.000000,31.284,36.272,0,0,0,0,0,0,1.308
1546.000000,24.722,19.68,0,0,0,0,0,0,0.466
1547.000000,18.588,14.816,0,0,4.542,0,0,0,0.381
1548.000000,102.062,81.673,0,0,46.756,0,0,0,1.686
1549.000000,137.325,110.002,0,0,63.563,0,0,0,2.489
1550.000000,170.117,136.384,0,0,54.587,0,0,0,3.083
1551.000000,165.502,132.668,0,0,0,0,0,0,3.135
1552.000000,175.759,139.647,0,0,0,0,0,0,3.296
1553.000000,157.388,125.061,0,0,0,0,0,0,2.956
1554.000000,139.466,110.743,0,0,0,0,0,0,2.624
1555.000000,177.914,62.15,0,0,0,0,0,0,4.041
1556.000000,194.843,68.214,0,0,0,0,0,0,4.412
1557.000000,156.725,54.789,0,0,0,0,0,0,3.56
1558.000000,121.325,42.331,0,0,0,0,0,0,2.757
1559.000000,117.995,41.516,0,0,0,0,0,0,2.694
1560.000000,106.591,37.477,0,0,0,0,0,0,2.441
1561.000000,118.943,41.618,0,0,0,0,0,0,2.72
1562.000000,119.789,41.781,0,0,0,0,0,0,2.725
1563.000000,127.499,44.478,0,0,0,0,0,0,2.905
1564.000000,130.763,45.364,0,0,0,0,0,0,2.956
1565.000000,102.869,35.961,0,0,0,0,0,0,2.329
1566.000000,125.238,43.789,0,0,0,0,0,0,2.853
1567.000000,121.241,42.18,0,0,0,0,0,0,2.757
1568.000000,93.08,73.354,0,0,0,0,0,0,1.752
1569.000000,90.484,71.239,0,0,0,0,0,0,1.698
1570.000000,119.36,94.017,0,0,0,0,0,0,2.238
1571.000000,150.918,118.856,0,0,0,0,0,0,2.831
1572.000000,151.272,119.171,0,0,0,0,0,0,2.841
1573.000000,155.328,122.295,0,0,0,0,0,0,2.918
1574.000000,158.122,125.184,0,0,0,0,0,0,2.99
1575.000000,191.779,77.167,0,0,0,0,0,0,3.655
1576.000000,193.987,77.812,0,0,0,0,0,0,3.677
1577.000000,167.153,66.992,0,0,0,0,0,0,3.168
1578.000000,140.737,56.422,0,0,0,0,0,0,2.663
1579.000000,144.503,57.896,0,0,0,0,0,0,2.74
1580.000000,144.061,57.697,0,0,0,0,0,0,2.728
1581.000000,149.966,59.631,0,0,0,0,0,0,2.821
1582.000000,157.986,57.909,0,0,0,0,0,0,2.997
1583.000000,204.813,0,0,0,0,0,0,0,4.097
1584.000000,216.757,0,0,0,0,0,0,0,4.333
1585.000000,177.966,0.019,0,0,0,0,0,0,3.558
1586.000000,80.849,62.967,0,0,0,0,0,0,1.526
1587.000000,78.451,62.719,0,0,0,0,0,0,1.474
1588.000000,113.491,90.689,0,0,0,0,0,0,2.128
1589.000000,146.491,116.904,0,0,0,0,0,0,2.76
1590.000000,263.36,4.712,0,0,0,0,0,0,5.288
1591.000000,0,257.466,0,0,0,0,0,0,17.546
1592.000000,0,204.525,0,0,0,0,0,0,14.43
1593.000000,0,87.014,0,0,0,0,0,0,6.157
1594.000000,0,39.065,0,0,0,0,0,0,2.748
1595.000000,0,47.121,0,0,0,0,0,0,3.305
1596.000000,0.349,45.193,0,0,0,0,0,0,3.194
1597.000000,44.772,0,0,0,0,0,0,0,0.9
1598.000000,43.791,17.458,0,0,0,0,0,0,0.836
1599.000000,100.214,0.135,0,0,0,0,0,0,2.026
1600.000000,0,146.141,0,0,0,0,0,0,10.372
1601.000000,0,166.094,0,0,0,0,0,0,11.037
1602.000000,0,80.9,0,0,0,0,0,0,5.175
1603.000000,0,38.075,0,0,0,0,0,0,2.573
1604.000000,0,42.519,0,0,0,0,0,0,3.036
1605.000000,0,36.47,0,0,0,0,0,0,2.596
1606.000000,0,42.685,0,0,0,0,0,0,3.047
1607.000000,0,35.058,0,0,0,0,0,0,2.495
1608.000000,0,40.742,0,0,0,0,0,0,2.909
1609.000000,0,39.01,0,0,0,0,0,0,2.785
1610.000000,0,31.135,0,0,0,0,0,0,2.223
1611.000000,0,24.628,0,0,0,0,0,0,1.758
1612.000000,0,30.807,0,0,0,0,0,0,2.199
1613.000000,0,38.708,0,0,0,0,0,0,2.753
1614.000000,0,48.415,0,0,0,0,0,0,3.456
1615.000000,0,67.446,0,0,0,0,0,0,3.191
1616.000000,0,29.552,0,0,0,0,0,0,0.806
1617.000000,0,8.663,0,0,0,0,0,0,0.412
1618.000000,0,78.489,0,0,0,0,0,0,3.736
1619.000000,24.177,43.073,0,0,0,0,0,0,2.593
1620.000000,57.166,0,0,0,0,0,0,0,1.298
1621.000000,48.23,2.983,0,0,0,0,0,0,1.194
1622.000000,0,90.565,0,0,0,0,0,0,3.005
1623.000000,0,117.457,0,0,0,0,0,0,3.886
1624.000000,0,92.54,0,0,0,0,0,0,3.049
1625.000000,0,76.553,0,0,0,0,0,0,2.708
1626.000000,0,82.897,0,0,0,0,0,0,2.899
1627.000000,0,80.126,0,0,0,0,0,0,2.806
1628.000000,0.441,76.957,0,0,0,0,0,0,2.675
1629.000000,76.908,0,0,0,0,0,0,0,1.481
1630.000000,75.136,0,0,0,0,0,0,0,1.444
1631.000000,109.121,0,0,0,0,0,0,0,2.094
1632.000000,140.585,0,0,0,0,0,0,0,2.702
1633.000000,148.303,0,0,0,0,0,0,0,2.85
1634.000000,47.206,94.412,0,0,0,0,0,0,2.724
1635.000000,102.694,40.771,0,0,0,0,0,0,1.965
1636.000000,102.405,40.684,0,0,0,0,0,0,1.948
1637.000000,100.048,73.581,0,0,0,0,0,0,2.039
1638.000000,115.389,87.204,0,0,0,0,0,0,2.322
1639.000000,97.345,77.282,0,0,50.923,0,0,0,2.07
1640.000000,97.76,78.035,0,0,66.734,0,0,0,1.466
1641.000000,137.827,109.578,0,0,46.415,0,0,0,2.499
1642.000000,197.416,157.332,0,0,0,0,0,0,3.735
1643.000000,198.022,158.297,0,0,0,0,0,0,3.752
1644.000000,279.954,4.535,0,0,0,0,0,0,5.327
1645.000000,266.772,0,0,0,0,0,0,0,5.063
1646.000000,211.512,0,0,0,0,0,0,0,4.014
1647.000000,148.506,0.153,0,0,0,0,0,0,2.803
1648.000000,107.412,42.963,0,0,0,0,0,0,2.031
1649.000000,102.631,40.868,0,0,0,0,0,0,1.93
1650.000000,127.638,50.77,0,0,0,0,0,0,2.4
1651.000000,127.261,67.975,0,0,20.935,0,0,0,2.403
1652.000000,88.306,70.583,0,0,47.033,0,0,0,1.936
1653.000000,90.725,72.517,0,0,43.841,0,0,0,1.489
1654.000000,145.963,116.492,0,0,77.91,0,0,0,3.416
1655.000000,181.891,145.279,0,0,29.456,0,0,0,3.556
1656.000000,244.174,97.727,0,0,0,0,0,0,4.587
1657.000000,233.473,93.454,0,0,0,0,0,0,4.378
1658.000000,142.98,97.63,0,0,0,0,0,0,2.668
1659.000000,114.405,91.842,0,0,0,0,0,0,2.137
1660.000000,126.367,100.626,0,0,0,0,0,0,2.343
1661.000000,153.046,121.746,0,0,0,0,0,0,2.822
1662.000000,151.049,120.375,0,0,0,0,0,0,2.795
1663.000000,152.653,120.584,0,0,0,0,0,0,2.795
1664.000000,152.625,121.534,0,0,0,0,0,0,2.808
1665.000000,155.219,123.564,0,0,0,0,0,0,2.859
1666.000000,196.641,77.727,0,0,0,0,0,0,3.606
1667.000000,199.153,78.569,0,0,0,0,0,0,3.607
1668.000000,136.401,106.605,0,0,0,0,0,0,2.454
1669.000000,121.575,96.899,0,0,0,0,0,0,2.228
1670.000000,145.818,115.243,0,0,0,0,0,0,2.647
1671.000000,203.327,80.823,0,0,0,0,0,0,3.708
1672.000000,196.017,77.182,0,0,0,0,0,0,3.529
1673.000000,135.107,107.852,0,0,0,0,0,0,2.454
1674.000000,122.048,97.454,0,0,0,0,0,0,2.214
1675.000000,137.905,109.823,0,0,0,0,0,0,2.49
1676.000000,153.323,114.119,0,0,10.005,0,0,0,4.364
1677.000000,202.315,78.813,0,0,0,0,0,0,3.75
1678.000000,176.925,68.741,0,0,0,0,0,0,3.268
1679.000000,138.733,53.824,0,0,0,0,0,0,2.552
1680.000000,205.425,0,0,0,0,0,0,0,3.71
1681.000000,212.817,0,0,0,0,0,0,0,3.798
1682.000000,183.129,0,0,0,0,0,0,0,3.271
1683.000000,155.352,0,0,0,0,0,0,0,2.785
1684.000000,155.181,0,0,0,0,0,0,0,2.774
1685.000000,166.997,0,0,0,0,0,0,0,2.987
1686.000000,160.661,0.135,0,0,0,0,0,0,2.868
1687.000000,108.567,43.998,0,0,0,0,0,0,2.064
1688.000000,106.313,42.997,0,0,0,0,0,0,2.017
1689.000000,183.432,0,0,0,0,0,0,0,3.274
1690.000000,211.384,0,0,0,0,0,0,0,3.753
1691.000000,186.849,0,0,0,0,0,0,0,3.335
1692.000000,155.827,0,0,0,0,0,0,0,2.758
1693.000000,158.441,0,0,0,0,0,0,0,2.788
1694.000000,156.122,0,0,0,0,0,0,0,3.047
1695.000000,158.985,0,0,0,0,0,0,0,2.829
1696.000000,155.148,0,0,0,0,0,0,0,2.724
1697.000000,95.803,56.554,0,0,0,0,0,0,3.013
1698.000000,53.76,107.521,0,0,0,0,0,0,3.582
1699.000000,99.231,56.803,0,0,0,0,0,0,2.994
1700.000000,131.779,0,0,0,0,0,0,0,2.311
1701.000000,133.055,0,0,0,0,0,0,0,2.333
1702.000000,156.957,0,0,0,0,0,0,0,2.746
1703.000000,162.241,0,0,0,0,0,0,0,2.822
1704.000000,163.593,0,0,0,0,0,0,0,2.827
1705.000000,164.014,0,0,0,0,0,0,0,2.874
1706.000000,163.058,1.403,0,0,0,0,0,0,2.865
1707.000000,160.995,0,0,0,0,0,0,0,2.804
1708.000000,172.744,0,0,0,0,0,0,0,3.018
1709.000000,158.987,0,0,0,0,0,0,0,2.772
1710.000000,159.378,0,0,0,0,0,0,0,2.752
1711.000000,194.604,0,0,0,0,0,0,0,3.349
1712.000000,180.91,0,0,0,0,0,0,0,3.108
1713.000000,181.063,0,0,0,0,0,0,0,3.116
1714.000000,152.512,0,0,0,0,0,0,0,2.607
1715.000000,140.043,0,0,0,0,0,0,0,2.408
1716.000000,166.272,0,0,0,0,0,0,0,2.861
1717.000000,164.25,0,0,0,0,0,0,0,2.82
1718.000000,162.883,0,0,0,0,0,0,0,2.799
1719.000000,53.975,107.951,0,0,0,0,0,0,3.38
1720.000000,55.392,110.784,0,0,0,0,0,0,3.46
1721.000000,154.604,0.286,0,0,0,0,0,0,3.222
1722.000000,0,133.534,0,0,0,0,0,0,5.803
1723.000000,0,134.923,0,0,0,0,0,0,5.853
1724.000000,0,98.485,0,0,0,0,0,0,5.906
1725.000000,0,60.197,0,0,0,0,0,0,4.011
1726.000000,0,56.778,0,0,0,0,0,0,3.783
1727.000000,32.738,15.499,0,0,0,0,0,0,1.741
1728.000000,0,39.598,0,0,0,0,0,0,2.639
1729.000000,0,58.555,0,0,0,0,0,0,3.902
1730.000000,0,57.996,0,0,0,0,0,0,3.865
1731.000000,0,39.991,0,0,0,0,0,0,2.665
1732.000000,0,41.767,0,0,0,0,0,0,2.783
1733.000000,0,42.962,0,0,0,0,0,0,2.863
1734.000000,0,39.936,0,0,0,0,0,0,2.661
1735.000000,0,38.719,0,0,0,0,0,0,2.58
1736.000000,0,43.487,0,0,0,0,0,0,2.898
1737.000000,0,41.319,0,0,0,0,0,0,2.753
1738.000000,0,44.704,0,0,0,0,0,0,2.979
1739.000000,0,39.971,0,0,0,0,0,0,2.663
1740.000000,0,41.712,0,0,0,0,0,0,2.779
1741.000000,0.102,41.554,0,0,0,0,0,0,2.776
1742.000000,0,40.716,0,0,0,0,0,0,2.713
1743.000000,0.04,48.308,0,0,0,0,0,0,3.222
1744.000000,0,42.912,0,0,0,0,0,0,2.859
1745.000000,0,34.941,0,0,0,0,0,0,2.328
1746.000000,0,42.812,0,0,0,0,0,0,2.853
1747.000000,0,48.272,0,0,0,0,0,0,3.217
1748.000000,0,40.05,0,0,0,0,0,0,2.669
1749.000000,0,40.871,0,0,0,0,0,0,2.723
1750.000000,0,41.243,0,0,0,0,0,0,2.748
1751.000000,0,39.936,0,0,0,0,0,0,2.661
1752.000000,0,40.384,0,0,0,0,0,0,2.691
1753.000000,0,40.55,0,0,0,0,0,0,2.702
1754.000000,0,44.588,0,0,0,0,0,0,2.971
1755.000000,0,49.786,0,0,0,0,0,0,3.318
1756.000000,0,46.949,0,0,0,0,0,0,3.128
1757.000000,0,36.589,0,0,0,0,0,0,2.438
1758.000000,0,42.757,0,0,0,0,0,0,2.849
1759.000000,0,45.079,0,0,0,0,0,0,3.004
1760.000000,0,39.971,0,0,0,0,0,0,2.663
1761.000000,0,42.921,0,0,0,0,0,0,2.86
1762.000000,0,48.721,0,0,0,0,0,0,3.247
1763.000000,0,37.857,0,0,0,0,0,0,2.523
1764.000000,0,41.683,0,0,0,0,0,0,2.778
1765.000000,0,57.451,0,0,0,0,0,0,3.828
1766.000000,0,111.775,0,0,0,0,0,0,7.448
1767.000000,0,134.506,0,0,0,0,0,0,8.963
1768.000000,0,134.506,0,0,0,0,0,0,8.963
1769.000000,0,134.506,0,0,0,0,0,0,8.963
1770.000000,0,134.506,0,0,0,0,0,0,8.963
1771.000000,0,14.494,0,0,0,0,0,0,0.966
1772.000000,0,40.876,0,0,0,0,0,0,2.724
1773.000000,0,37.167,0,0,0,0,0,0,2.477
1774.000000,0,38.115,0,0,0,0,0,0,2.54
1775.000000,0,46.949,0,0,0,0,0,0,3.128
1776.000000,0,57.694,0,0,0,0,0,0,3.844
1777.000000,0,37.953,0,0,0,0,0,0,2.529
1778.000000,0,37.043,0,0,0,0,0,0,2.468
1779.000000,0,40.918,0,0,0,0,0,0,2.727
1780.000000,0,49.113,0,0,0,0,0,0,3.273
1781.000000,0,44.872,0,0,0,0,0,0,2.99
1782.000000,0,34.254,0,0,0,0,0,0,2.283
1783.000000,0,46.559,0,0,0,0,0,0,3.103
1784.000000,0,73.598,0,0,0,0,0,0,4.904
1785.000000,0,47.335,0,0,0,0,0,0,3.154
1786.000000,0,18.095,0,0,0,0,0,0,1.206
1787.000000,0,37.45,0,0,0,0,0,0,2.495
1788.000000,0,21.177,0,0,0,0,0,0,1.411
1789.000000,0,32.237,0,0,0,0,0,0,2.148
1790.000000,0,60.972,0,0,0,0,0,0,4.063
1791.000000,0,54.116,0,0,0,0,0,0,3.606
1792.000000,0,32.2,0,0,0,0,0,0,2.146
1793.000000,0,22.91,0,0,0,0,0,0,1.527
1794.000000,0,37.474,0,0,0,0,0,0,2.497
1795.000000,0,40.237,0,0,0,0,0,0,2.681
1796.000000,0,39.056,0,0,0,0,0,0,2.603
1797.000000,0,46.023,0,0,0,0,0,0,3.067
1798.000000,0,52.702,0,0,0,0,0,0,3.512
1799.000000,0,45.167,0,0,0,0,0,0,3.01
1800.000000,0,50.683,0,0,0,0,0,0,3.377
1801.000000,0.116,50.639,0,0,0,0,0,0,3.179
1802.000000,0,40.57,0,0,0,0,0,0,2.534
1803.000000,0,69.395,0,0,0,0,0,0,4.335
1804.000000,0,138.392,0,0,0,0,0,0,8.646
1805.000000,0,144.669,0,0,0,0,0,0,9.038
1806.000000,0,46.302,0,0,0,0,0,0,2.893
1807.000000,0,46.302,0,0,0,0,0,0,2.893
1808.000000,0,46.302,0,0,0,0,0,0,2.893
1809.000000,0,46.302,0,0,0,0,0,0,2.893
1810.000000,0,24.724,0,0,0,0,0,0,1.545
1811.000000,0,34.142,0,0,0,0,0,0,2.133
1812.000000,0,37.961,0,0,0,0,0,0,2.39
1813.000000,0,30.475,0,0,0,0,0,0,1.904
1814.000000,13.205,26.411,0,0,0,0,0,0,2.488
1815.000000,0,42.122,0,0,0,0,0,0,2.631
1816.000000,0,24.345,0,0,0,0,0,0,1.521
1817.000000,0,52.976,0,0,0,0,0,0,3.327
1818.000000,0,43.972,0,0,0,0,0,0,2.761
1819.000000,0,39.629,0,0,0,0,0,0,2.489
1820.000000,0,38.309,0,0,0,0,0,0,2.504
1821.000000,0,36.636,0,0,0,0,0,0,2.441
1822.000000,0,43.901,0,0,0,0,0,0,2.925
1823.000000,0,35.598,0,0,0,0,0,0,2.372
1824.000000,0,35.55,0,0,0,0,0,0,2.369
1825.000000,0,46.969,0,0,0,0,0,0,3.13
1826.000000,0,43.573,0,0,0,0,0,0,2.912
1827.000000,0,37.704,0,0,0,0,0,0,2.512
